date, value
2010-12-10,11410.3200
2010-12-13,11428.5600
2010-12-14,11476.5400
2010-12-15,11457.4700
2010-12-16,11499.2500
2010-12-17,11491.9100
2010-12-20,11478.1300
2010-12-21,11533.1600
2010-12-22,11559.4900
2010-12-23,11573.4900
2010-12-27,11555.0300
2010-12-28,11575.5400
2010-12-29,11585.3800
2010-12-30,11569.7100
2010-12-31,11577.5100
2011-01-03,11670.7500
2011-01-04,11691.1800
2011-01-05,11722.8900
2011-01-06,11697.3100
2011-01-07,11674.7600
2011-01-10,11637.4500
2011-01-11,11671.8800
2011-01-12,11755.4400
2011-01-13,11731.9000
2011-01-14,11787.3800
2011-01-18,11837.9300
2011-01-19,11825.2900
2011-01-20,11822.8000
2011-01-21,11871.8400
2011-01-24,11980.5200
2011-01-25,11977.1900
2011-01-26,11985.4400
2011-01-27,11989.8300
2011-01-28,11823.7000
2011-01-31,11891.9300
2011-02-01,12040.1600
2011-02-02,12041.9700
2011-02-03,12062.2600
2011-02-04,12092.1500
2011-02-07,12161.6300
2011-02-08,12233.1500
2011-02-09,12239.8900
2011-02-10,12229.2900
2011-02-11,12273.2600
2011-02-14,12268.1900
2011-02-15,12226.6400
2011-02-16,12288.1700
2011-02-17,12318.1400
2011-02-18,12391.2500
2011-02-22,12212.7900
2011-02-23,12105.7800
2011-02-24,12068.5000
2011-02-25,12130.4500
2011-02-28,12226.3400
2011-03-01,12058.0200
2011-03-02,12066.8000
2011-03-03,12258.2000
2011-03-04,12169.8800
2011-03-07,12090.0300
2011-03-08,12214.3800
2011-03-09,12213.0900
2011-03-10,11984.6100
2011-03-11,12044.4000
2011-03-14,11993.1600
2011-03-15,11855.4200
2011-03-16,11613.3000
2011-03-17,11774.5900
2011-03-18,11858.5200
2011-03-21,12036.5300
2011-03-22,12018.6300
2011-03-23,12086.0200
2011-03-24,12170.5600
2011-03-25,12220.5900
2011-03-28,12197.8800
2011-03-29,12279.0100
2011-03-30,12350.6100
2011-03-31,12319.7300
2011-04-01,12376.7200
2011-04-04,12400.0300
2011-04-05,12393.9000
2011-04-06,12426.7500
2011-04-07,12409.4900
2011-04-08,12380.0500
2011-04-11,12381.1100
2011-04-12,12263.5800
2011-04-13,12270.9900
2011-04-14,12285.1500
2011-04-15,12341.8300
2011-04-18,12201.5900
2011-04-19,12266.7500
2011-04-20,12453.5400
2011-04-21,12505.9900
2011-04-25,12479.8800
2011-04-26,12595.3700
2011-04-27,12690.9600
2011-04-28,12763.3100
2011-04-29,12810.5400
2011-05-02,12807.3600
2011-05-03,12807.5100
2011-05-04,12723.5800
2011-05-05,12584.1700
2011-05-06,12638.7400
2011-05-09,12684.6800
2011-05-10,12760.3600
2011-05-11,12630.0300
2011-05-12,12695.9200
2011-05-13,12595.7500
2011-05-16,12548.3700
2011-05-17,12479.5800
2011-05-18,12560.1800
2011-05-19,12605.3200
2011-05-20,12512.0400
2011-05-23,12381.2600
2011-05-24,12356.2100
2011-05-25,12394.6600
2011-05-26,12402.7600
2011-05-27,12441.5800
2011-05-31,12569.7900
2011-06-01,12290.1400
2011-06-02,12248.5500
2011-06-03,12151.2600
2011-06-06,12089.9600
2011-06-07,12070.8100
2011-06-08,12048.9400
2011-06-09,12124.3600
2011-06-10,11951.9100
2011-06-13,11952.9700
2011-06-14,12076.1100
2011-06-15,11897.2700
2011-06-16,11961.5200
2011-06-17,12004.3600
2011-06-20,12080.3800
2011-06-21,12190.0100
2011-06-22,12109.6700
2011-06-23,12050.0000
2011-06-24,11934.5800
2011-06-27,12043.5600
2011-06-28,12188.6900
2011-06-29,12261.4200
2011-06-30,12414.3400
2011-07-01,12582.7700
2011-07-05,12569.8700
2011-07-06,12626.0200
2011-07-07,12719.4900
2011-07-08,12657.2000
2011-07-11,12505.7600
2011-07-12,12446.8800
2011-07-13,12491.6100
2011-07-14,12437.1200
2011-07-15,12479.7300
2011-07-18,12385.1600
2011-07-19,12587.4200
2011-07-20,12571.9100
2011-07-21,12724.4100
2011-07-22,12681.1600
2011-07-25,12592.8000
2011-07-26,12501.3000
2011-07-27,12302.5500
2011-07-28,12240.1100
2011-07-29,12143.2400
2011-08-01,12132.4900
2011-08-02,11866.6200
2011-08-03,11896.4400
2011-08-04,11383.6800
2011-08-05,11444.6100
2011-08-08,10809.8500
2011-08-09,11239.7700
2011-08-10,10719.9400
2011-08-11,11143.3100
2011-08-12,11269.0200
2011-08-15,11482.9000
2011-08-16,11405.9300
2011-08-17,11410.2100
2011-08-18,10990.5800
2011-08-19,10817.6500
2011-08-22,10854.6500
2011-08-23,11176.7600
2011-08-24,11320.7100
2011-08-25,11149.8200
2011-08-26,11284.5400
2011-08-29,11539.2500
2011-08-30,11559.9500
2011-08-31,11613.5300
2011-09-01,11493.5700
2011-09-02,11240.2600
2011-09-06,11139.3000
2011-09-07,11414.8600
2011-09-08,11295.8100
2011-09-09,10992.1300
2011-09-12,11061.1200
2011-09-13,11105.8500
2011-09-14,11246.7300
2011-09-15,11433.1800
2011-09-16,11509.0900
2011-09-19,11401.0100
2011-09-20,11408.6600
2011-09-21,11124.8400
2011-09-22,10733.8300
2011-09-23,10771.4800
2011-09-26,11043.8600
2011-09-27,11190.6900
2011-09-28,11010.9000
2011-09-29,11153.9800
2011-09-30,10913.3800
2011-10-03,10655.3000
2011-10-04,10808.7100
2011-10-05,10939.9500
2011-10-06,11123.3300
2011-10-07,11103.1200
2011-10-10,11433.1800
2011-10-11,11416.3000
2011-10-12,11518.8500
2011-10-13,11478.1300
2011-10-14,11644.4900
2011-10-17,11397.0000
2011-10-18,11577.0500
2011-10-19,11504.6200
2011-10-20,11541.7800
2011-10-21,11808.7900
2011-10-24,11913.6200
2011-10-25,11706.6200
2011-10-26,11869.0400
2011-10-27,12208.5500
2011-10-28,12231.1100
2011-10-31,11955.0100
2011-11-01,11657.9600
2011-11-02,11836.0400
2011-11-03,12044.4700
2011-11-04,11983.2400
2011-11-07,12068.3900
2011-11-08,12170.1800
2011-11-09,11780.9400
2011-11-10,11893.8600
2011-11-11,12153.6800
2011-11-14,12078.9800
2011-11-15,12096.1600
2011-11-16,11905.5900
2011-11-17,11770.7300
2011-11-18,11796.1600
2011-11-21,11547.3100
2011-11-22,11493.7200
2011-11-23,11257.5500
2011-11-25,11231.6500
2011-11-28,11523.0100
2011-11-29,11555.6300
2011-11-30,12045.6800
2011-12-01,12020.0300
2011-12-02,12019.4200
2011-12-05,12097.8300
2011-12-06,12150.1300
2011-12-07,12196.3700
2011-12-08,11997.7000
2011-12-09,12184.2600
2011-12-12,12021.3900
2011-12-13,11954.9400
2011-12-14,11823.4800
2011-12-15,11868.8100
2011-12-16,11866.3900
2011-12-19,11766.2600
2011-12-20,12103.5800
2011-12-21,12107.7400
2011-12-22,12169.6500
2011-12-23,12294.0000
2011-12-27,12291.3500
2011-12-28,12151.4100
2011-12-29,12287.0400
2011-12-30,12217.5600
2012-01-03,12397.3800
2012-01-04,12418.4200
2012-01-05,12415.7000
2012-01-06,12359.9200
2012-01-09,12392.6900
2012-01-10,12462.4700
2012-01-11,12449.4500
2012-01-12,12471.0200
2012-01-13,12422.0600
2012-01-17,12482.0700
2012-01-18,12578.9500
2012-01-19,12623.9800
2012-01-20,12720.4800
2012-01-23,12708.8200
2012-01-24,12675.7500
2012-01-25,12758.8500
2012-01-26,12734.6300
2012-01-27,12660.4600
2012-01-30,12653.7200
2012-01-31,12632.9100
2012-02-01,12716.4600
2012-02-02,12705.4100
2012-02-03,12862.2300
2012-02-06,12845.1300
2012-02-07,12878.2000
2012-02-08,12883.9500
2012-02-09,12890.4600
2012-02-10,12801.2300
2012-02-13,12874.0400
2012-02-14,12878.2800
2012-02-15,12780.9500
2012-02-16,12904.0800
2012-02-17,12949.8700
2012-02-21,12965.6900
2012-02-22,12938.6700
2012-02-23,12984.6900
2012-02-24,12982.9500
2012-02-27,12981.5100
2012-02-28,13005.1200
2012-02-29,12952.0700
2012-03-01,12980.3000
2012-03-02,12977.5700
2012-03-05,12962.8100
2012-03-06,12759.1500
2012-03-07,12837.3300
2012-03-08,12907.9400
2012-03-09,12922.0200
2012-03-12,12959.7100
2012-03-13,13177.6800
2012-03-14,13194.1000
2012-03-15,13252.7600
2012-03-16,13232.6200
2012-03-19,13239.1300
2012-03-20,13170.1900
2012-03-21,13124.6200
2012-03-22,13046.1400
2012-03-23,13080.7300
2012-03-26,13241.6300
2012-03-27,13197.7300
2012-03-28,13126.2100
2012-03-29,13145.8200
2012-03-30,13212.0400
2012-04-02,13264.4900
2012-04-03,13199.5500
2012-04-04,13074.7500
2012-04-05,13060.1400
2012-04-09,12929.5900
2012-04-10,12715.9300
2012-04-11,12805.3900
2012-04-12,12986.5800
2012-04-13,12849.5900
2012-04-16,12921.4100
2012-04-17,13115.5400
2012-04-18,13032.7500
2012-04-19,12964.1000
2012-04-20,13029.2600
2012-04-23,12927.1700
2012-04-24,13001.5600
2012-04-25,13090.7200
2012-04-26,13204.6200
2012-04-27,13228.3100
2012-04-30,13213.6300
2012-05-01,13279.3200
2012-05-02,13268.5700
2012-05-03,13206.5900
2012-05-04,13038.2700
2012-05-07,13008.5300
2012-05-08,12932.0900
2012-05-09,12835.0600
2012-05-10,12855.0400
2012-05-11,12820.6000
2012-05-14,12695.3500
2012-05-15,12632.0000
2012-05-16,12598.5500
2012-05-17,12442.4900
2012-05-18,12369.3800
2012-05-21,12504.4800
2012-05-22,12502.8100
2012-05-23,12496.1500
2012-05-24,12529.7500
2012-05-25,12454.8300
2012-05-29,12580.6900
2012-05-30,12419.8600
2012-05-31,12393.4500
2012-06-01,12118.5700
2012-06-04,12101.4600
2012-06-05,12127.9500
2012-06-06,12414.7900
2012-06-07,12460.9600
2012-06-08,12554.2000
2012-06-11,12411.2300
2012-06-12,12573.8000
2012-06-13,12496.3800
2012-06-14,12651.9100
2012-06-15,12767.1700
2012-06-18,12741.8200
2012-06-19,12837.3300
2012-06-20,12824.3900
2012-06-21,12573.5700
2012-06-22,12640.7800
2012-06-25,12502.6600
2012-06-26,12534.6700
2012-06-27,12627.0100
2012-06-28,12602.2600
2012-06-29,12880.0900
2012-07-02,12871.3900
2012-07-03,12943.6600
2012-07-05,12896.6700
2012-07-06,12772.4700
2012-07-09,12736.2900
2012-07-10,12653.1200
2012-07-11,12604.5300
2012-07-12,12573.2700
2012-07-13,12777.0900
2012-07-16,12727.2100
2012-07-17,12805.5400
2012-07-18,12908.7000
2012-07-19,12943.3600
2012-07-20,12822.5700
2012-07-23,12721.4600
2012-07-24,12617.3200
2012-07-25,12676.0500
2012-07-26,12887.9300
2012-07-27,13075.6600
2012-07-30,13073.0100
2012-07-31,13008.6800
2012-08-01,12976.1300
2012-08-02,12878.8800
2012-08-03,13096.1700
2012-08-06,13117.5100
2012-08-07,13168.6000
2012-08-08,13175.6400
2012-08-09,13165.1900
2012-08-10,13207.9500
2012-08-13,13169.4300
2012-08-14,13172.1400
2012-08-15,13164.7800
2012-08-16,13250.1100
2012-08-17,13275.2000
2012-08-20,13271.6400
2012-08-21,13203.5800
2012-08-22,13172.7600
2012-08-23,13057.4600
2012-08-24,13157.9700
2012-08-27,13124.6700
2012-08-28,13102.9900
2012-08-29,13107.4800
2012-08-30,13000.7100
2012-08-31,13090.8400
2012-09-04,13035.9400
2012-09-05,13047.4800
2012-09-06,13292.0000
2012-09-07,13306.6400
2012-09-10,13254.2900
2012-09-11,13323.3600
2012-09-12,13333.3500
2012-09-13,13539.8600
2012-09-14,13593.3700
2012-09-17,13553.1000
2012-09-18,13564.6400
2012-09-19,13577.9600
2012-09-20,13596.9300
2012-09-21,13579.4700
2012-09-24,13558.9200
2012-09-25,13457.5500
2012-09-26,13413.5100
2012-09-27,13485.9700
2012-09-28,13437.1300
2012-10-01,13515.1100
2012-10-02,13482.3600
2012-10-03,13494.6100
2012-10-04,13575.3600
2012-10-05,13610.1500
2012-10-08,13583.6500
2012-10-09,13473.5300
2012-10-10,13344.9700
2012-10-11,13326.3900
2012-10-12,13328.8500
2012-10-15,13424.2300
2012-10-16,13551.7800
2012-10-17,13557.0000
2012-10-18,13548.9400
2012-10-19,13343.5100
2012-10-22,13345.8900
2012-10-23,13102.5300
2012-10-24,13077.3400
2012-10-25,13103.6800
2012-10-26,13107.2100
2012-10-29,13107.2100
2012-10-30,13107.2100
2012-10-31,13096.4600
2012-11-01,13232.6200
2012-11-02,13093.1600
2012-11-05,13112.4400
2012-11-06,13245.6800
2012-11-07,12932.7300
2012-11-08,12811.3200
2012-11-09,12815.3900
2012-11-12,12815.0800
2012-11-13,12756.1800
2012-11-14,12570.9500
2012-11-15,12542.3800
2012-11-16,12588.3100
2012-11-19,12795.9600
2012-11-20,12788.5100
2012-11-21,12836.8900
2012-11-23,13009.5300
2012-11-26,12967.3700
2012-11-27,12878.1300
2012-11-28,12985.1100
2012-11-29,13021.8200
2012-11-30,13025.5800
2012-12-03,12965.6000
2012-12-04,12951.7800
2012-12-05,13034.4900
2012-12-06,13074.0400
2012-12-07,13155.1300
2012-12-10,13169.8800
2012-12-11,13248.4400
2012-12-12,13245.4500
2012-12-13,13170.7200
2012-12-14,13135.0100
2012-12-17,13235.3900
2012-12-18,13350.9600
2012-12-19,13251.9700
2012-12-20,13311.7200
2012-12-21,13190.8400
2012-12-24,13138.9300
2012-12-26,13114.5900
2012-12-27,13096.3100
2012-12-28,12938.1100
2012-12-31,13104.1400
2013-01-02,13412.5500
2013-01-03,13391.3600
2013-01-04,13435.2100
2013-01-07,13384.2900
2013-01-08,13328.8500
2013-01-09,13390.5100
2013-01-10,13471.2200
2013-01-11,13488.4300
2013-01-14,13507.3200
2013-01-15,13534.8900
2013-01-16,13511.2300
2013-01-17,13596.0200
2013-01-18,13649.7000
2013-01-22,13712.2100
2013-01-23,13779.3300
2013-01-24,13825.3300
2013-01-25,13895.9800
2013-01-28,13881.9300
2013-01-29,13954.4200
2013-01-30,13910.4200
2013-01-31,13860.5800
2013-02-01,14009.7900
2013-02-04,13880.0800
2013-02-05,13979.3000
2013-02-06,13986.5200
2013-02-07,13944.0500
2013-02-08,13992.9700
2013-02-11,13971.2400
2013-02-12,14018.7000
2013-02-13,13982.9100
2013-02-14,13973.3900
2013-02-15,13981.7600
2013-02-19,14035.6700
2013-02-20,13927.5400
2013-02-21,13880.6200
2013-02-22,14000.5700
2013-02-25,13784.1700
2013-02-26,13900.1300
2013-02-27,14075.3700
2013-02-28,14054.4900
2013-03-01,14089.6600
2013-03-04,14127.8200
2013-03-05,14253.7700
2013-03-06,14296.2400
2013-03-07,14329.4900
2013-03-08,14397.0700
2013-03-11,14447.2900
2013-03-12,14450.0600
2013-03-13,14455.2800
2013-03-14,14539.1400
2013-03-15,14514.1100
2013-03-18,14452.0600
2013-03-19,14455.8200
2013-03-20,14511.7300
2013-03-21,14421.4900
2013-03-22,14512.0300
2013-03-25,14447.7500
2013-03-26,14559.6500
2013-03-27,14526.1600
2013-03-28,14578.5400
2013-04-01,14572.8500
2013-04-02,14662.0100
2013-04-03,14550.3500
2013-04-04,14606.1100
2013-04-05,14565.2500
2013-04-08,14613.4800
2013-04-09,14673.4600
2013-04-10,14802.2400
2013-04-11,14865.1400
2013-04-12,14865.0600
2013-04-15,14599.2000
2013-04-16,14756.7800
2013-04-17,14618.5900
2013-04-18,14537.1400
2013-04-19,14547.5100
2013-04-22,14567.1700
2013-04-23,14719.4600
2013-04-24,14676.3000
2013-04-25,14700.8000
2013-04-26,14712.5500
2013-04-29,14818.7500
2013-04-30,14839.8000
2013-05-01,14700.9500
2013-05-02,14831.5800
2013-05-03,14973.9600
2013-05-06,14968.8900
2013-05-07,15056.2000
2013-05-08,15105.1200
2013-05-09,15082.6200
2013-05-10,15118.4900
2013-05-13,15091.6800
2013-05-14,15215.2500
2013-05-15,15275.6900
2013-05-16,15233.2200
2013-05-17,15354.4000
2013-05-20,15335.2800
2013-05-21,15387.5800
2013-05-22,15307.1700
2013-05-23,15294.5000
2013-05-24,15303.1000
2013-05-28,15409.3900
2013-05-29,15302.8000
2013-05-30,15324.5300
2013-05-31,15115.5700
2013-06-03,15254.0300
2013-06-04,15177.5400
2013-06-05,14960.5900
2013-06-06,15040.6200
2013-06-07,15248.1200
2013-06-10,15238.5900
2013-06-11,15122.0200
2013-06-12,14995.2300
2013-06-13,15176.0800
2013-06-14,15070.1800
2013-06-17,15179.8500
2013-06-18,15318.2300
2013-06-19,15112.1900
2013-06-20,14758.3200
2013-06-21,14799.4000
2013-06-24,14659.5600
2013-06-25,14760.3100
2013-06-26,14910.1400
2013-06-27,15024.4900
2013-06-28,14909.6000
2013-07-01,14974.9600
2013-07-02,14932.4100
2013-07-03,14988.3700
2013-07-05,15135.8400
2013-07-08,15224.6900
2013-07-09,15300.3400
2013-07-10,15291.6600
2013-07-11,15460.9200
2013-07-12,15464.3000
2013-07-15,15484.2600
2013-07-16,15451.8500
2013-07-17,15470.5200
2013-07-18,15548.5400
2013-07-19,15543.7400
2013-07-22,15545.5500
2013-07-23,15567.7400
2013-07-24,15542.2400
2013-07-25,15555.6100
2013-07-26,15558.8300
2013-07-29,15521.9700
2013-07-30,15520.5900
2013-07-31,15499.5400
2013-08-01,15628.0200
2013-08-02,15658.3600
2013-08-05,15612.1300
2013-08-06,15518.7400
2013-08-07,15470.6700
2013-08-08,15498.3200
2013-08-09,15425.5100
2013-08-12,15419.6800
2013-08-13,15451.0100
2013-08-14,15337.6600
2013-08-15,15112.1900
2013-08-16,15081.4700
2013-08-19,15010.7400
2013-08-20,15002.9900
2013-08-21,14897.5500
2013-08-22,14963.7400
2013-08-23,15010.5100
2013-08-26,14946.4600
2013-08-27,14776.1300
2013-08-28,14824.5100
2013-08-29,14840.9500
2013-08-30,14810.3100
2013-09-03,14833.9600
2013-09-04,14930.8700
2013-09-05,14937.4800
2013-09-06,14922.5000
2013-09-09,15063.1200
2013-09-10,15191.0600
2013-09-11,15326.6000
2013-09-12,15300.6400
2013-09-13,15376.0600
2013-09-16,15494.7800
2013-09-17,15529.7300
2013-09-18,15676.9400
2013-09-19,15636.5500
2013-09-20,15451.0900
2013-09-23,15401.3800
2013-09-24,15334.5900
2013-09-25,15273.2600
2013-09-26,15328.3000
2013-09-27,15258.2400
2013-09-30,15129.6700
2013-10-01,15191.7000
2013-10-02,15133.1400
2013-10-03,14996.4800
2013-10-04,15072.5800
2013-10-07,14936.2400
2013-10-08,14776.5300
2013-10-09,14802.9800
2013-10-10,15126.0700
2013-10-11,15237.1100
2013-10-14,15301.2600
2013-10-15,15168.0100
2013-10-16,15373.8300
2013-10-17,15371.6500
2013-10-18,15399.6500
2013-10-21,15392.2000
2013-10-22,15467.6600
2013-10-23,15413.3300
2013-10-24,15509.2100
2013-10-25,15570.2800
2013-10-28,15568.9300
2013-10-29,15680.3500
2013-10-30,15618.7600
2013-10-31,15545.7500
2013-11-01,15615.5500
2013-11-04,15639.1200
2013-11-05,15618.2200
2013-11-06,15746.8800
2013-11-07,15593.9800
2013-11-08,15761.7800
2013-11-11,15783.1000
2013-11-12,15750.6700
2013-11-13,15821.6300
2013-11-14,15876.2200
2013-11-15,15961.7000
2013-11-18,15976.0200
2013-11-19,15967.0300
2013-11-20,15900.8200
2013-11-21,16009.9900
2013-11-22,16064.7700
2013-11-25,16072.5400
2013-11-26,16072.8000
2013-11-27,16097.3300
2013-11-29,16086.4100
2013-12-02,16008.7700
2013-12-03,15914.6200
2013-12-04,15889.7700
2013-12-05,15821.5100
2013-12-06,16020.2000
2013-12-09,16025.5300
2013-12-10,15973.1300
2013-12-11,15843.5300
2013-12-12,15739.4300
2013-12-13,15755.3600
2013-12-16,15884.5700
2013-12-17,15875.2600
2013-12-18,16167.9700
2013-12-19,16179.0800
2013-12-20,16221.1400
2013-12-23,16294.6100
2013-12-24,16357.5500
2013-12-26,16479.8800
2013-12-27,16478.4100
2013-12-30,16504.2900
2013-12-31,16576.6600
2014-01-02,16441.3500
2014-01-03,16469.9900
2014-01-06,16425.1000
2014-01-07,16530.9400
2014-01-08,16462.7400
2014-01-09,16444.7600
2014-01-10,16437.0500
2014-01-13,16257.9400
2014-01-14,16373.8600
2014-01-15,16481.9400
2014-01-16,16417.0100
2014-01-17,16458.5600
2014-01-21,16414.4400
2014-01-22,16373.3400
2014-01-23,16197.3500
2014-01-24,15879.1100
2014-01-27,15837.8800
2014-01-28,15928.5600
2014-01-29,15738.7900
2014-01-30,15848.6100
2014-01-31,15698.8500
2014-02-03,15372.8000
2014-02-04,15445.2400
2014-02-05,15440.2300
2014-02-06,15628.5300
2014-02-07,15794.0800
2014-02-10,15801.7900
2014-02-11,15994.7700
2014-02-12,15963.9400
2014-02-13,16027.5900
2014-02-14,16154.3900
2014-02-18,16130.4000
2014-02-19,16040.5600
2014-02-20,16133.2300
2014-02-21,16103.3000
2014-02-24,16207.1400
2014-02-25,16179.6600
2014-02-26,16198.4100
2014-02-27,16272.6500
2014-02-28,16321.7100
2014-03-03,16168.0300
2014-03-04,16395.8800
2014-03-05,16360.1800
2014-03-06,16421.8900
2014-03-07,16452.7200
2014-03-10,16418.6800
2014-03-11,16351.2500
2014-03-12,16340.0800
2014-03-13,16108.8900
2014-03-14,16065.6700
2014-03-17,16247.2200
2014-03-18,16336.1900
2014-03-19,16222.1700
2014-03-20,16331.0500
2014-03-21,16302.7700
2014-03-24,16276.6900
2014-03-25,16367.8800
2014-03-26,16268.9900
2014-03-27,16264.2300
2014-03-28,16323.0600
2014-03-31,16457.6600
2014-04-01,16532.6100
2014-04-02,16573.0000
2014-04-03,16572.5500
2014-04-04,16412.7100
2014-04-07,16245.8700
2014-04-08,16256.1400
2014-04-09,16437.1800
2014-04-10,16170.2200
2014-04-11,16026.7500
2014-04-14,16173.2400
2014-04-15,16262.5600
2014-04-16,16424.8500
2014-04-17,16408.5400
2014-04-21,16449.2500
2014-04-22,16514.3700
2014-04-23,16501.6500
2014-04-24,16501.6500
2014-04-25,16361.4600
2014-04-28,16448.7400
2014-04-29,16535.3700
2014-04-30,16580.8400
2014-05-01,16558.8700
2014-05-02,16512.8900
2014-05-05,16530.5500
2014-05-06,16401.0200
2014-05-07,16518.5400
2014-05-08,16550.9700
2014-05-09,16583.3400
2014-05-12,16695.4700
2014-05-13,16715.4400
2014-05-14,16613.9700
2014-05-15,16446.8100
2014-05-16,16491.3100
2014-05-19,16511.8600
2014-05-20,16374.3100
2014-05-21,16533.0600
2014-05-22,16543.0800
2014-05-23,16606.2700
2014-05-27,16675.5000
2014-05-28,16633.1800
2014-05-29,16698.7400
2014-05-30,16717.1700
2014-06-02,16743.6300
2014-06-03,16722.3400
2014-06-04,16737.5300
2014-06-05,16836.1100
2014-06-06,16924.2800
2014-06-09,16943.1000
2014-06-10,16945.9200
2014-06-11,16843.8800
2014-06-12,16734.1900
2014-06-13,16775.7400
2014-06-16,16781.0100
2014-06-17,16808.4900
2014-06-18,16906.6200
2014-06-19,16921.4600
2014-06-20,16947.0800
2014-06-23,16937.2600
2014-06-24,16818.1300
2014-06-25,16867.5100
2014-06-26,16846.1300
2014-06-27,16851.8400
2014-06-30,16826.6000
2014-07-01,16956.0700
2014-07-02,16976.2400
2014-07-03,17068.2600
2014-07-07,17024.2100
2014-07-08,16906.6200
2014-07-09,16985.6100
2014-07-10,16915.0700
2014-07-11,16943.8100
2014-07-14,17055.4200
2014-07-15,17060.6800
2014-07-16,17138.2000
2014-07-17,16976.8100
2014-07-18,17100.1800
2014-07-21,17051.7300
2014-07-22,17113.5400
2014-07-23,17086.6300
2014-07-24,17083.8000
2014-07-25,16960.5700
2014-07-28,16982.5900
2014-07-29,16912.1100
2014-07-30,16880.3600
2014-07-31,16563.3000
2014-08-01,16493.3700
2014-08-04,16569.2800
2014-08-05,16429.4700
2014-08-06,16443.3400
2014-08-07,16368.2700
2014-08-08,16553.9300
2014-08-11,16569.9800
2014-08-12,16560.5400
2014-08-13,16651.8000
2014-08-14,16713.5800
2014-08-15,16662.9100
2014-08-18,16838.7400
2014-08-19,16919.5900
2014-08-20,16979.1300
2014-08-21,17039.4900
2014-08-22,17001.2200
2014-08-25,17076.8700
2014-08-26,17106.7000
2014-08-27,17122.0100
2014-08-28,17079.5700
2014-08-29,17098.4500
2014-09-02,17067.5600
2014-09-03,17078.2800
2014-09-04,17069.5800
2014-09-05,17137.3600
2014-09-08,17111.4200
2014-09-09,17013.8700
2014-09-10,17068.7100
2014-09-11,17049.0000
2014-09-12,16987.5100
2014-09-15,17031.1400
2014-09-16,17131.9700
2014-09-17,17156.8500
2014-09-18,17265.9900
2014-09-19,17279.7400
2014-09-22,17172.6800
2014-09-23,17055.8700
2014-09-24,17210.0600
2014-09-25,16945.8000
2014-09-26,17113.1500
2014-09-29,17071.2200
2014-09-30,17042.9000
2014-10-01,16804.7100
2014-10-02,16801.0500
2014-10-03,17009.6900
2014-10-06,16991.9100
2014-10-07,16719.3900
2014-10-08,16994.2200
2014-10-09,16659.2500
2014-10-10,16544.1000
2014-10-13,16321.0700
2014-10-14,16315.1900
2014-10-15,16141.7400
2014-10-16,16117.2400
2014-10-17,16380.4100
2014-10-20,16399.6700
2014-10-21,16614.8100
2014-10-22,16461.3200
2014-10-23,16677.9000
2014-10-24,16805.4100
2014-10-27,16817.9400
2014-10-28,17005.7500
2014-10-29,16974.3100
2014-10-30,17195.4200
2014-10-31,17390.5200
2014-11-03,17366.2400
2014-11-04,17383.8400
2014-11-05,17484.5300
2014-11-06,17554.4700
2014-11-07,17573.9300
2014-11-10,17613.7400
2014-11-11,17614.9000
2014-11-12,17612.2000
2014-11-13,17652.7900
2014-11-14,17634.7400
2014-11-17,17647.7500
2014-11-18,17687.8200
2014-11-19,17685.7300
2014-11-20,17719.0000
2014-11-21,17810.0600
2014-11-24,17817.9000
2014-11-25,17814.9400
2014-11-26,17827.7500
2014-11-28,17828.2400
2014-12-01,17776.8000
2014-12-02,17879.5500
2014-12-03,17912.6200
2014-12-04,17900.1000
2014-12-05,17958.7900
2014-12-08,17852.4800
2014-12-09,17801.2000
2014-12-10,17533.1500
2014-12-11,17596.3400
2014-12-12,17280.8300
2014-12-15,17180.8400
2014-12-16,17068.8700
2014-12-17,17356.8700
2014-12-18,17778.1500
2014-12-19,17804.8000
2014-12-22,17959.4400
2014-12-23,18024.1700
2014-12-24,18030.2100
2014-12-26,18053.7100
2014-12-29,18038.2300
2014-12-30,17983.0700
2014-12-31,17823.0700
2015-01-02,17832.9900
2015-01-05,17501.6500
2015-01-06,17371.6400
2015-01-07,17584.5200
2015-01-08,17907.8700
2015-01-09,17737.3700
2015-01-12,17640.8400
2015-01-13,17613.6800
2015-01-14,17427.0900
2015-01-15,17320.7100
2015-01-16,17511.5700
2015-01-20,17515.2300
2015-01-21,17554.2800
2015-01-22,17813.9800
2015-01-23,17672.6000
2015-01-26,17678.7000
2015-01-27,17387.2100
2015-01-28,17191.3700
2015-01-29,17416.8500
2015-01-30,17164.9500
2015-02-02,17361.0400
2015-02-03,17666.4000
2015-02-04,17673.0200
2015-02-05,17884.8800
2015-02-06,17824.2900
2015-02-09,17729.2100
2015-02-10,17868.7600
2015-02-11,17862.1400
2015-02-12,17972.3800
2015-02-13,18019.3500
2015-02-17,18047.5800
2015-02-18,18029.8500
2015-02-19,17985.7700
2015-02-20,18140.4400
2015-02-23,18116.8400
2015-02-24,18209.1900
2015-02-25,18224.5700
2015-02-26,18214.4200
2015-02-27,18132.7000
2015-03-02,18288.6300
2015-03-03,18203.3700
2015-03-04,18096.9000
2015-03-05,18135.7200
2015-03-06,17856.7800
2015-03-09,17995.7200
2015-03-10,17662.9400
2015-03-11,17635.3900
2015-03-12,17895.2200
2015-03-13,17749.3100
2015-03-16,17977.4200
2015-03-17,17849.0800
2015-03-18,18076.1900
2015-03-19,17959.0300
2015-03-20,18127.6500
2015-03-23,18116.0400
2015-03-24,18011.1400
2015-03-25,17718.5400
2015-03-26,17678.2300
2015-03-27,17712.6600
2015-03-30,17976.3100
2015-03-31,17776.1200
2015-04-01,17698.1800
2015-04-02,17763.2400
2015-04-06,17880.8500
2015-04-07,17875.4200
2015-04-08,17902.5100
2015-04-09,17958.7300
2015-04-10,18057.6500
2015-04-13,17977.0400
2015-04-14,18036.7000
2015-04-15,18112.6100
2015-04-16,18105.7700
2015-04-17,17826.3000
2015-04-20,18034.9300
2015-04-21,17949.5900
2015-04-22,18038.2700
2015-04-23,18058.6900
2015-04-24,18080.1400
2015-04-27,18037.9700
2015-04-28,18110.1400
2015-04-29,18035.5300
2015-04-30,17840.5200
2015-05-01,18024.0600
2015-05-04,18070.4000
2015-05-05,17928.2000
2015-05-06,17841.9800
2015-05-07,17924.0600
2015-05-08,18191.1100
2015-05-11,18105.1700
2015-05-12,18068.2300
2015-05-13,18060.4900
2015-05-14,18252.2400
2015-05-15,18272.5600
2015-05-18,18298.8800
2015-05-19,18312.3900
2015-05-20,18285.4000
2015-05-21,18285.7400
2015-05-22,18232.0200
2015-05-26,18041.5400
2015-05-27,18162.9900
2015-05-28,18126.1200
2015-05-29,18010.6800
2015-06-01,18040.3700
2015-06-02,18011.9400
2015-06-03,18076.2700
2015-06-04,17905.5800
2015-06-05,17849.4600
2015-06-08,17766.5500
2015-06-09,17764.0400
2015-06-10,18000.4000
2015-06-11,18039.3700
2015-06-12,17898.8400
2015-06-15,17791.1700
2015-06-16,17904.4800
2015-06-17,17935.7400
2015-06-18,18115.8400
2015-06-19,18015.9500
2015-06-22,18119.7800
2015-06-23,18144.0700
2015-06-24,17966.0700
2015-06-25,17890.3600
2015-06-26,17946.6800
2015-06-29,17596.3500
2015-06-30,17619.5100
2015-07-01,17757.9100
2015-07-02,17730.1100
2015-07-06,17683.5800
2015-07-07,17776.9100
2015-07-08,17515.4200
2015-07-09,17548.6200
2015-07-10,17760.4100
2015-07-13,17977.6800
2015-07-14,18053.5800
2015-07-15,18050.1700
2015-07-16,18120.2500
2015-07-17,18086.4500
2015-07-20,18100.4100
2015-07-21,17919.2900
2015-07-22,17851.0400
2015-07-23,17731.9200
2015-07-24,17568.5300
2015-07-27,17440.5900
2015-07-28,17630.2700
2015-07-29,17751.3900
2015-07-30,17745.9800
2015-07-31,17689.8600
2015-08-03,17598.2000
2015-08-04,17550.6900
2015-08-05,17540.4700
2015-08-06,17419.7500
2015-08-07,17373.3800
2015-08-10,17615.1700
2015-08-11,17402.8400
2015-08-12,17402.5100
2015-08-13,17408.2500
2015-08-14,17477.4000
2015-08-17,17545.1800
2015-08-18,17511.3400
2015-08-19,17348.7300
2015-08-20,16990.6900
2015-08-21,16459.7500
2015-08-24,15871.3500
2015-08-25,15666.4400
2015-08-26,16285.5100
2015-08-27,16654.7700
2015-08-28,16643.0100
2015-08-31,16528.0300
2015-09-01,16058.3500
2015-09-02,16351.3800
2015-09-03,16374.7600
2015-09-04,16102.3800
2015-09-08,16492.6800
2015-09-09,16253.5700
2015-09-10,16330.4000
2015-09-11,16433.0900
2015-09-14,16370.9600
2015-09-15,16599.8500
2015-09-16,16739.9500
2015-09-17,16674.7400
2015-09-18,16384.5800
2015-09-21,16510.1900
2015-09-22,16330.4700
2015-09-23,16279.8900
2015-09-24,16201.3200
2015-09-25,16314.6700
2015-09-28,16001.8900
2015-09-29,16049.1300
2015-09-30,16284.7000
2015-10-01,16272.0100
2015-10-02,16472.3700
2015-10-05,16776.4300
2015-10-06,16790.1900
2015-10-07,16912.2900
2015-10-08,17050.7500
2015-10-09,17084.4900
2015-10-12,17131.8600
2015-10-13,17081.8900
2015-10-14,16924.7500
2015-10-15,17141.7500
2015-10-16,17215.9700
2015-10-19,17230.5400
2015-10-20,17217.1100
2015-10-21,17168.6100
2015-10-22,17489.1600
2015-10-23,17646.7000
2015-10-26,17623.0500
2015-10-27,17581.4300
2015-10-28,17779.5200
2015-10-29,17755.8000
2015-10-30,17663.5400
2015-11-02,17828.7600
2015-11-03,17918.1500
2015-11-04,17867.5800
2015-11-05,17863.4300
2015-11-06,17910.3300
2015-11-09,17730.4800
2015-11-10,17758.2100
2015-11-11,17702.2200
2015-11-12,17448.0700
2015-11-13,17245.2400
2015-11-16,17483.0100
2015-11-17,17489.5000
2015-11-18,17737.1600
2015-11-19,17732.7500
2015-11-20,17823.8100
2015-11-23,17792.6800
2015-11-24,17812.1900
2015-11-25,17813.3900
2015-11-27,17798.4900
2015-11-30,17719.9200
2015-12-01,17888.3500
2015-12-02,17729.6800
2015-12-03,17477.6700
2015-12-04,17847.6300
2015-12-07,17730.5100
2015-12-08,17568.0000
2015-12-09,17492.3000
2015-12-10,17574.7500
2015-12-11,17265.2100
2015-12-14,17368.5000
2015-12-15,17524.9100
2015-12-16,17749.0900
2015-12-17,17495.8400
2015-12-18,17128.5500
2015-12-21,17251.6200
2015-12-22,17417.2700
2015-12-23,17602.6100
2015-12-24,17552.1700
2015-12-28,17528.2700
2015-12-29,17720.9800
2015-12-30,17603.8700
2015-12-31,17425.0300
2016-01-04,17148.9400
2016-01-05,17158.6600
2016-01-06,16906.5100
2016-01-07,16514.1000
2016-01-08,16346.4500
2016-01-11,16398.5700
2016-01-12,16516.2200
2016-01-13,16151.4100
2016-01-14,16379.0500
2016-01-15,15988.0800
2016-01-19,16016.0200
2016-01-20,15766.7400
2016-01-21,15882.6800
2016-01-22,16093.5100
2016-01-25,15885.2200
2016-01-26,16167.2300
2016-01-27,15944.4600
2016-01-28,16069.6400
2016-01-29,16466.3000
2016-02-01,16449.1800
2016-02-02,16153.5400
2016-02-03,16336.6600
2016-02-04,16416.5800
2016-02-05,16204.9700
2016-02-08,16027.0500
2016-02-09,16014.3800
2016-02-10,15914.7400
2016-02-11,15660.1800
2016-02-12,15973.8400
2016-02-16,16196.4100
2016-02-17,16453.8300
2016-02-18,16413.4300
2016-02-19,16391.9900
2016-02-22,16620.6600
2016-02-23,16431.7800
2016-02-24,16484.9900
2016-02-25,16697.2900
2016-02-26,16639.9700
2016-02-29,16516.5000
2016-03-01,16865.0800
2016-03-02,16899.3200
2016-03-03,16943.9000
2016-03-04,17006.7700
2016-03-07,17073.9500
2016-03-08,16964.1000
2016-03-09,17000.3600
2016-03-10,16995.1300
2016-03-11,17213.3100
2016-03-14,17229.1300
2016-03-15,17251.5300
2016-03-16,17325.7600
2016-03-17,17481.4900
2016-03-18,17602.3000
2016-03-21,17623.8700
2016-03-22,17582.5700
2016-03-23,17502.5900
2016-03-24,17515.7300
2016-03-28,17535.3900
2016-03-29,17633.1100
2016-03-30,17716.6600
2016-03-31,17685.0900
2016-04-01,17792.7500
2016-04-04,17737.0000
2016-04-05,17603.3200
2016-04-06,17716.0500
2016-04-07,17541.9600
2016-04-08,17576.9600
2016-04-11,17556.4100
2016-04-12,17721.2500
2016-04-13,17908.2800
2016-04-14,17926.4300
2016-04-15,17897.4600
2016-04-18,18004.1600
2016-04-19,18053.6000
2016-04-20,18096.2700
2016-04-21,17982.5200
2016-04-22,18003.7500
2016-04-25,17977.2400
2016-04-26,17990.3200
2016-04-27,18041.5500
2016-04-28,17830.7600
2016-04-29,17773.6400
2016-05-02,17891.1600
2016-05-03,17750.9100
2016-05-04,17651.2600
2016-05-05,17660.7100
2016-05-06,17740.6300
2016-05-09,17705.9100
2016-05-10,17928.3500
2016-05-11,17711.1200
2016-05-12,17720.5000
2016-05-13,17535.3200
2016-05-16,17710.7100
2016-05-17,17529.9800
2016-05-18,17526.6200
2016-05-19,17435.4000
2016-05-20,17500.9400
2016-05-23,17492.9300
2016-05-24,17706.0500
2016-05-25,17851.5100
2016-05-26,17828.2900
2016-05-27,17873.2200
2016-05-31,17787.2000
2016-06-01,17789.6700
2016-06-02,17838.5600
2016-06-03,17807.0600
2016-06-06,17920.3300
2016-06-07,17938.2800
2016-06-08,18005.0500
2016-06-09,17985.1900
2016-06-10,17865.3400
2016-06-13,17732.4800
2016-06-14,17674.8200
2016-06-15,17640.1700
2016-06-16,17733.1000
2016-06-17,17675.1600
2016-06-20,17804.8700
2016-06-21,17829.7300
2016-06-22,17780.8300
2016-06-23,18011.0700
2016-06-24,17400.7500
2016-06-27,17140.2400
2016-06-28,17409.7200
2016-06-29,17694.6800
2016-06-30,17929.9900
2016-07-01,17949.3700
2016-07-05,17840.6200
2016-07-06,17918.6200
2016-07-07,17895.8800
2016-07-08,18146.7400
2016-07-11,18226.9300
2016-07-12,18347.6700
2016-07-13,18372.1200
2016-07-14,18506.4100
2016-07-15,18516.5500
2016-07-18,18533.0500
2016-07-19,18559.0100
2016-07-20,18595.0300
2016-07-21,18517.2300
2016-07-22,18570.8500
2016-07-25,18493.0600
2016-07-26,18473.7500
2016-07-27,18472.1700
2016-07-28,18456.3500
2016-07-29,18432.2400
2016-08-01,18404.5100
2016-08-02,18313.7700
2016-08-03,18355.0000
2016-08-04,18352.0500
2016-08-05,18543.5300
2016-08-08,18529.2900
2016-08-09,18533.0500
2016-08-10,18495.6600
2016-08-11,18613.5200
2016-08-12,18576.4700
2016-08-15,18636.0500
2016-08-16,18552.0200
2016-08-17,18573.9400
2016-08-18,18597.7000
2016-08-19,18552.5700
2016-08-22,18529.4200
2016-08-23,18547.3000
2016-08-24,18481.4800
2016-08-25,18448.4100
2016-08-26,18395.4000
2016-08-29,18502.9900
2016-08-30,18454.3000
2016-08-31,18400.8800
2016-09-01,18419.3000
2016-09-02,18491.9600
2016-09-06,18538.1200
2016-09-07,18526.1400
2016-09-08,18479.9100
2016-09-09,18085.4500
2016-09-12,18325.0700
2016-09-13,18066.7500
2016-09-14,18034.7700
2016-09-15,18212.4800
2016-09-16,18123.8000
2016-09-19,18120.1700
2016-09-20,18129.9600
2016-09-21,18293.7000
2016-09-22,18392.4600
2016-09-23,18261.4500
2016-09-26,18094.8300
2016-09-27,18228.3000
2016-09-28,18339.2400
2016-09-29,18143.4500
2016-09-30,18308.1500
2016-10-03,18253.8500
2016-10-04,18168.4500
2016-10-05,18281.0300
2016-10-06,18268.5000
2016-10-07,18240.4900
2016-10-10,18329.0400
2016-10-11,18128.6600
2016-10-12,18144.2000
2016-10-13,18098.9400
2016-10-14,18138.3800
2016-10-17,18086.4000
2016-10-18,18161.9400
2016-10-19,18202.6200
2016-10-20,18162.3500
2016-10-21,18145.7100
2016-10-24,18223.0300
2016-10-25,18169.2700
2016-10-26,18199.3300
2016-10-27,18169.6800
2016-10-28,18161.1900
2016-10-31,18142.4200
2016-11-01,18037.1000
2016-11-02,17959.6400
2016-11-03,17930.6700
2016-11-04,17888.2800
2016-11-07,18259.6000
2016-11-08,18332.7400
2016-11-09,18589.6900
2016-11-10,18807.8800
2016-11-11,18847.6600
2016-11-14,18868.6900
2016-11-15,18923.0600
2016-11-16,18868.1400
2016-11-17,18903.8200
2016-11-18,18867.9300
2016-11-21,18956.6900
2016-11-22,19023.8700
2016-11-23,19083.1800
2016-11-25,19152.1400
2016-11-28,19097.9000
2016-11-29,19121.6000
2016-11-30,19123.5800
2016-12-01,19191.9300
2016-12-02,19170.4200
2016-12-05,19216.2400
2016-12-06,19251.7800
2016-12-07,19549.6200
2016-12-08,19614.8100
2016-12-09,19756.8500
2016-12-12,19796.4300
2016-12-13,19911.2100
2016-12-14,19792.5300
2016-12-15,19852.2400
2016-12-16,19843.4100
2016-12-19,19883.0600
2016-12-20,19974.6200
2016-12-21,19941.9600
2016-12-22,19918.8800
2016-12-23,19933.8100
2016-12-27,19945.0400
2016-12-28,19833.6800
2016-12-29,19819.7800
2016-12-30,19762.6000
2017-01-03,19881.7600
2017-01-04,19942.1600
2017-01-05,19899.2900
2017-01-06,19963.8000
2017-01-09,19887.3800
2017-01-10,19855.5300
2017-01-11,19954.2800
2017-01-12,19891.0000
2017-01-13,19885.7300
2017-01-17,19826.7700
2017-01-18,19804.7200
2017-01-19,19732.4000
2017-01-20,19827.2500
2017-01-23,19799.8500
2017-01-24,19912.7100
2017-01-25,20068.5100
2017-01-26,20100.9100
2017-01-27,20093.7800
2017-01-30,19971.1300
2017-01-31,19864.0900
2017-02-01,19890.9400
2017-02-02,19884.9100
2017-02-03,20071.4600
2017-02-06,20052.4200
2017-02-07,20090.2900
2017-02-08,20054.3400
2017-02-09,20172.4000
2017-02-10,20269.3700
2017-02-13,20412.1600
2017-02-14,20504.4100
2017-02-15,20611.8600
2017-02-16,20619.7700
2017-02-17,20624.0500
2017-02-21,20743.0000
2017-02-22,20775.6000
2017-02-23,20810.3200
2017-02-24,20821.7600
2017-02-27,20837.4400
2017-02-28,20812.2400
2017-03-01,21115.5500
2017-03-02,21002.9700
2017-03-03,21005.7100
2017-03-06,20954.3400
2017-03-07,20924.7600
2017-03-08,20855.7300
2017-03-09,20858.1900
2017-03-10,20902.9800
2017-03-13,20881.4800
2017-03-14,20837.3700
2017-03-15,20950.1000
2017-03-16,20934.5500
2017-03-17,20914.6200
2017-03-20,20905.8600
2017-03-21,20668.0100
2017-03-22,20661.3000
2017-03-23,20656.5800
2017-03-24,20596.7200
2017-03-27,20550.9800
2017-03-28,20701.5000
2017-03-29,20659.3200
2017-03-30,20728.4900
2017-03-31,20663.2200
2017-04-03,20650.2100
2017-04-04,20689.2400
2017-04-05,20648.1500
2017-04-06,20662.9500
2017-04-07,20656.1000
2017-04-10,20658.0200
2017-04-11,20651.3000
2017-04-12,20591.8600
2017-04-13,20453.2500
2017-04-17,20636.9200
2017-04-18,20523.2800
2017-04-19,20404.4900
2017-04-20,20578.7100
2017-04-21,20547.7600
2017-04-24,20763.8900
2017-04-25,20996.1200
2017-04-26,20975.0900
2017-04-27,20981.3300
2017-04-28,20940.5100
2017-05-01,20913.4600
2017-05-02,20949.8900
2017-05-03,20957.9000
2017-05-04,20951.4700
2017-05-05,21006.9400
2017-05-08,21012.2800
2017-05-09,20975.7800
2017-05-10,20943.1100
2017-05-11,20919.4200
2017-05-12,20896.6100
2017-05-15,20981.9400
2017-05-16,20979.7500
2017-05-17,20606.9300
2017-05-18,20663.0200
2017-05-19,20804.8400
2017-05-22,20894.8300
2017-05-23,20937.9100
2017-05-24,21012.4200
2017-05-25,21082.9500
2017-05-26,21080.2800
2017-05-30,21029.4700
2017-05-31,21008.6500
2017-06-01,21144.1800
2017-06-02,21206.2900
2017-06-05,21184.0400
2017-06-06,21136.2300
2017-06-07,21173.6900
2017-06-08,21182.5300
2017-06-09,21271.9700
2017-06-12,21235.6700
2017-06-13,21328.4700
2017-06-14,21374.5600
2017-06-15,21359.9000
2017-06-16,21384.2800
2017-06-19,21528.9900
2017-06-20,21467.1400
2017-06-21,21410.0300
2017-06-22,21397.2900
2017-06-23,21394.7600
2017-06-26,21409.5500
2017-06-27,21310.6600
2017-06-28,21454.6100
2017-06-29,21287.0300
2017-06-30,21349.6300
2017-07-03,21479.2700
2017-07-05,21478.1700
2017-07-06,21320.0400
2017-07-07,21414.3400
2017-07-10,21408.5200
2017-07-11,21409.0700
2017-07-12,21532.1400
2017-07-13,21553.0900
2017-07-14,21637.7400
2017-07-17,21629.7200
2017-07-18,21574.7300
2017-07-19,21640.7500
2017-07-20,21611.7800
2017-07-21,21580.0700
2017-07-24,21513.1700
2017-07-25,21613.4300
2017-07-26,21711.0100
2017-07-27,21796.5500
2017-07-28,21830.3100
2017-07-31,21891.1200
2017-08-01,21963.9200
2017-08-02,22016.2400
2017-08-03,22026.1000
2017-08-04,22092.8100
2017-08-07,22118.4200
2017-08-08,22085.3400
2017-08-09,22048.7000
2017-08-10,21844.0100
2017-08-11,21858.3200
2017-08-14,21993.7100
2017-08-15,21998.9900
2017-08-16,22024.8700
2017-08-17,21750.7300
2017-08-18,21674.5100
2017-08-21,21703.7500
2017-08-22,21899.8900
2017-08-23,21812.0900
2017-08-24,21783.4000
2017-08-25,21813.6700
2017-08-28,21808.4000
2017-08-29,21865.3700
2017-08-30,21892.4300
2017-08-31,21948.1000
2017-09-01,21987.5600
2017-09-05,21753.3100
2017-09-06,21807.6400
2017-09-07,21784.7800
2017-09-08,21797.7900
2017-09-11,22057.3700
2017-09-12,22118.8600
2017-09-13,22158.1800
2017-09-14,22203.4800
2017-09-15,22268.3400
2017-09-18,22331.3500
2017-09-19,22370.8000
2017-09-20,22412.5900
2017-09-21,22359.2300
2017-09-22,22349.5900
2017-09-25,22296.0900
2017-09-26,22284.3200
2017-09-27,22340.7100
2017-09-28,22381.2000
2017-09-29,22405.0900
2017-10-02,22557.6000
2017-10-03,22641.6700
2017-10-04,22661.6400
2017-10-05,22775.3900
2017-10-06,22773.6700
2017-10-09,22761.0700
2017-10-10,22830.6800
2017-10-11,22872.8900
2017-10-12,22841.0100
2017-10-13,22871.7200
2017-10-16,22956.9600
2017-10-17,22997.4400
2017-10-18,23157.6000
2017-10-19,23163.0400
2017-10-20,23328.6300
2017-10-23,23273.9600
2017-10-24,23441.7600
2017-10-25,23329.4600
2017-10-26,23400.8600
2017-10-27,23434.1900
2017-10-30,23348.7400
2017-10-31,23377.2400
2017-11-01,23435.0100
2017-11-02,23516.2600
2017-11-03,23539.1900
2017-11-06,23548.4200
2017-11-07,23557.2300
2017-11-08,23563.3600
2017-11-09,23461.9400
2017-11-10,23422.2100
2017-11-13,23439.7000
2017-11-14,23409.4700
2017-11-15,23271.2800
2017-11-16,23458.3600
2017-11-17,23358.2400
2017-11-20,23430.3300
2017-11-21,23590.8300
2017-11-22,23526.1800
2017-11-24,23557.9900
2017-11-27,23580.7800
2017-11-28,23836.7100
2017-11-29,23940.6800
2017-11-30,24272.3500
2017-12-01,24231.5900
2017-12-04,24290.0500
2017-12-05,24180.6400
2017-12-06,24140.9100
2017-12-07,24211.4800
2017-12-08,24329.1600
2017-12-11,24386.0300
2017-12-12,24504.8000
2017-12-13,24585.4300
2017-12-14,24508.6600
2017-12-15,24651.7400
2017-12-18,24792.2000
2017-12-19,24754.7500
2017-12-20,24726.6500
2017-12-21,24782.2900
2017-12-22,24754.0600
2017-12-26,24746.2100
2017-12-27,24774.3000
2017-12-28,24837.5100
2017-12-29,24719.2200
2018-01-02,24824.0100
2018-01-03,24922.6800
2018-01-04,25075.1300
2018-01-05,25295.8700
2018-01-08,25283.0000
2018-01-09,25385.8000
2018-01-10,25369.1300
2018-01-11,25574.7300
2018-01-12,25803.1900
2018-01-16,25792.8600
2018-01-17,26115.6500
2018-01-18,26017.8100
2018-01-19,26071.7200
2018-01-22,26214.6000
2018-01-23,26210.8100
2018-01-24,26252.1200
2018-01-25,26392.7900
2018-01-26,26616.7100
2018-01-29,26439.4800
2018-01-30,26076.8900
2018-01-31,26149.3900
2018-02-01,26186.7100
2018-02-02,25520.9600
2018-02-05,24345.7500
2018-02-06,24912.7700
2018-02-07,24893.3500
2018-02-08,23860.4600
2018-02-09,24190.9000
2018-02-12,24601.2700
2018-02-13,24640.4500
2018-02-14,24893.4900
2018-02-15,25200.3700
2018-02-16,25219.3800
2018-02-20,24964.7500
2018-02-21,24797.7800
2018-02-22,24962.4800
2018-02-23,25309.9900
2018-02-26,25709.2700
2018-02-27,25410.0300
2018-02-28,25029.2000
2018-03-01,24608.9800
2018-03-02,24538.0600
2018-03-05,24874.7600
2018-03-06,24884.1200
2018-03-07,24801.3600
2018-03-08,24895.2100
2018-03-09,25335.7400
2018-03-12,25178.6100
2018-03-13,25007.0300
2018-03-14,24758.1200
2018-03-15,24873.6600
2018-03-16,24946.5100
2018-03-19,24610.9100
2018-03-20,24727.2700
2018-03-21,24682.3100
2018-03-22,23957.8900
2018-03-23,23533.2000
2018-03-26,24202.6000
2018-03-27,23857.7100
2018-03-28,23848.4200
2018-03-29,24103.1100
2018-04-02,23644.1900
2018-04-03,24033.3600
2018-04-04,24264.3000
2018-04-05,24505.2200
2018-04-06,23932.7600
2018-04-09,23979.1000
2018-04-10,24408.0000
2018-04-11,24189.4500
2018-04-12,24483.0500
2018-04-13,24360.1400
2018-04-16,24573.0400
2018-04-17,24786.6300
2018-04-18,24748.0700
2018-04-19,24664.8900
2018-04-20,24462.9400
2018-04-23,24448.6900
2018-04-24,24024.1300
2018-04-25,24083.8300
2018-04-26,24322.3400
2018-04-27,24311.1900
2018-04-30,24163.1500
2018-05-01,24099.0500
2018-05-02,23924.9800
2018-05-03,23930.1500
2018-05-04,24262.5100
2018-05-07,24357.3200
2018-05-08,24360.2100
2018-05-09,24542.5400
2018-05-10,24739.5300
2018-05-11,24831.1700
2018-05-14,24899.4100
2018-05-15,24706.4100
2018-05-16,24768.9300
2018-05-17,24713.9800
2018-05-18,24715.0900
2018-05-21,25013.2900
2018-05-22,24834.4100
2018-05-23,24886.8100
2018-05-24,24811.7600
2018-05-25,24753.0900
2018-05-29,24361.4500
2018-05-30,24667.7800
2018-05-31,24415.8400
2018-06-01,24635.2100
2018-06-04,24813.6900
2018-06-05,24799.9800
2018-06-06,25146.3900
2018-06-07,25241.4100
2018-06-08,25316.5300
2018-06-11,25322.3100
2018-06-12,25320.7300
2018-06-13,25201.2000
2018-06-14,25175.3100
2018-06-15,25090.4800
2018-06-18,24987.4700
2018-06-19,24700.2100
2018-06-20,24657.8000
2018-06-21,24461.7000
2018-06-22,24580.8900
2018-06-25,24252.8000
2018-06-26,24283.1100
2018-06-27,24117.5900
2018-06-28,24216.0500
2018-06-29,24271.4100
2018-07-02,24307.1800
2018-07-03,24174.8200
2018-07-05,24356.7400
2018-07-06,24456.4800
2018-07-09,24776.5900
2018-07-10,24919.6600
2018-07-11,24700.4500
2018-07-12,24924.8900
2018-07-13,25019.4100
2018-07-16,25064.3600
2018-07-17,25119.8900
2018-07-18,25199.2900
2018-07-19,25064.5000
2018-07-20,25058.1200
2018-07-23,25044.2900
2018-07-24,25241.9400
2018-07-25,25414.1000
2018-07-26,25527.0700
2018-07-27,25451.0600
2018-07-30,25306.8300
2018-07-31,25415.1900
2018-08-01,25333.8200
2018-08-02,25326.1600
2018-08-03,25462.5800
2018-08-06,25502.1800
2018-08-07,25628.9100
2018-08-08,25583.7500
2018-08-09,25509.2300
2018-08-10,25313.1400
2018-08-13,25187.7000
2018-08-14,25299.9200
2018-08-15,25162.4100
2018-08-16,25558.7300
2018-08-17,25669.3200
2018-08-20,25758.6900
2018-08-21,25822.2900
2018-08-22,25733.6000
2018-08-23,25656.9800
2018-08-24,25790.3500
2018-08-27,26049.6400
2018-08-28,26064.0200
2018-08-29,26124.5700
2018-08-30,25986.9200
2018-08-31,25964.8200
2018-09-04,25952.4800
2018-09-05,25974.9900
2018-09-06,25995.8700
2018-09-07,25916.5400
2018-09-10,25857.0700
2018-09-11,25971.0600
2018-09-12,25998.9200
2018-09-13,26145.9900
2018-09-14,26154.6700
2018-09-17,26062.1200
2018-09-18,26246.9600
2018-09-19,26405.7600
2018-09-20,26656.9800
2018-09-21,26743.5000
2018-09-24,26562.0500
2018-09-25,26492.2100
2018-09-26,26385.2800
2018-09-27,26439.9300
2018-09-28,26458.3100
2018-10-01,26651.2100
2018-10-02,26773.9400
2018-10-03,26828.3900
2018-10-04,26627.4800
2018-10-05,26447.0500
2018-10-09,26430.5700
2018-10-10,25598.7400
2018-10-11,25052.8300
2018-10-12,25339.9900
2018-10-15,25250.5500
2018-10-16,25798.4200
2018-10-17,25706.6800
2018-10-18,25379.4500
2018-10-19,25444.3400
2018-10-22,25317.4100
2018-10-23,25191.4300
2018-10-24,24583.4200
2018-10-25,24984.5500
2018-10-26,24688.3100
2018-10-29,24442.9200
2018-10-30,24874.6400
2018-10-31,25115.7600
2018-11-01,25380.7400
2018-11-02,25270.8300
2018-11-05,25461.7000
2018-11-06,25635.0100
2018-11-07,26180.3000
2018-11-08,26191.2200
2018-11-09,25989.3000
2018-11-13,25286.4900
2018-11-14,25080.5000
2018-11-15,25289.2700
2018-11-16,25413.2200
2018-11-19,25017.4400
2018-11-20,24465.6400
2018-11-21,24464.6900
2018-11-23,24285.9500
2018-11-26,24640.2400
2018-11-27,24748.7300
2018-11-28,25366.4300
2018-11-29,25338.8400
2018-11-30,25538.4600
2018-12-03,25826.4300
2018-12-04,25027.0700
2018-12-06,24947.6700
2018-12-07,24388.9500
2018-12-10,24423.2600
2018-12-11,24370.2400
2018-12-12,24527.2700
2018-12-13,24597.3800
2018-12-14,24100.5100
2018-12-17,23592.9800
2018-12-18,23675.6400
2018-12-19,23323.6600
2018-12-20,22859.6000
2018-12-21,22445.3700
2018-12-24,21792.2000
2018-12-26,22878.4500
2018-12-27,23138.8200
2018-12-28,23062.4000
2018-12-31,23327.4600
2019-01-02,23346.2400
2019-01-03,22686.2200
2019-01-04,23433.1600
2019-01-07,23531.3500
2019-01-08,23787.4500
2019-01-09,23879.1200
2019-01-10,24001.9200
2019-01-11,23995.9500
2019-01-14,23909.8400
2019-01-15,24065.5900
2019-01-16,24207.1600
2019-01-17,24370.1000
2019-01-18,24706.3500
2019-01-22,24404.4800
2019-01-23,24575.6200
2019-01-24,24553.2400
2019-01-25,24737.2000
2019-01-28,24528.2200
2019-01-29,24579.9600
2019-01-30,25014.8600
2019-01-31,24999.6700
2019-02-01,25063.8900
2019-02-04,25239.3700
2019-02-05,25411.5200
2019-02-06,25390.3000
2019-02-07,25169.5300
2019-02-08,25106.3300
2019-02-11,25053.1100
2019-02-12,25425.7600
2019-02-13,25543.2700
2019-02-14,25439.3900
2019-02-15,25883.2500
2019-02-19,25891.3200
2019-02-20,25954.4400
2019-02-21,25850.6300
2019-02-22,26031.8100
2019-02-25,26091.9500
2019-02-26,26057.9800
2019-02-27,25985.1600
2019-02-28,25916.0000
2019-03-01,26026.3200
2019-03-04,25819.6500
2019-03-05,25806.6300
2019-03-06,25673.4600
2019-03-07,25473.2300
2019-03-08,25450.2400
2019-03-11,25650.8800
2019-03-12,25554.6600
2019-03-13,25702.8900
2019-03-14,25709.9400
2019-03-15,25848.8700
2019-03-18,25914.1000
2019-03-19,25887.3800
2019-03-20,25745.6700
2019-03-21,25962.5100
2019-03-22,25502.3200
2019-03-25,25516.8300
2019-03-26,25657.7300
2019-03-27,25625.5900
2019-03-28,25717.4600
2019-03-29,25928.6800
2019-04-01,26258.4200
2019-04-02,26179.1300
2019-04-03,26218.1300
2019-04-04,26384.6300
2019-04-05,26424.9900
2019-04-08,26341.0200
2019-04-09,26150.5800
2019-04-10,26157.1600
2019-04-11,26143.0500
2019-04-12,26412.3000
2019-04-15,26384.7700
2019-04-16,26452.6600
2019-04-17,26449.5400
2019-04-18,26559.5400
2019-04-22,26511.0500
2019-04-23,26656.3900
2019-04-24,26597.0500
2019-04-25,26462.0800
2019-04-26,26543.3300
2019-04-29,26554.3900
2019-04-30,26592.9100
2019-05-01,26430.1400
2019-05-02,26307.7900
2019-05-03,26504.9500
2019-05-06,26438.4800
2019-05-07,25965.0900
2019-05-08,25967.3300
2019-05-09,25828.3600
2019-05-10,25942.3700
2019-05-13,25324.9900
2019-05-14,25532.0500
2019-05-15,25648.0200
2019-05-16,25862.6800
2019-05-17,25764.0000
2019-05-20,25679.9000
2019-05-21,25877.3300
2019-05-22,25776.6100
2019-05-23,25490.4700
2019-05-24,25585.6900
2019-05-28,25347.7700
2019-05-29,25126.4100
2019-05-30,25169.8800
2019-05-31,24815.0400
2019-06-03,24819.7800
2019-06-04,25332.1800
2019-06-05,25539.5700
2019-06-06,25720.6600
2019-06-07,25983.9400
2019-06-10,26062.6800
2019-06-11,26048.5100
2019-06-12,26004.8300
2019-06-13,26106.7700
2019-06-14,26089.6100
2019-06-17,26112.5300
2019-06-18,26465.5400
2019-06-19,26504.0000
2019-06-20,26753.1700
2019-06-21,26719.1300
2019-06-24,26727.5400
2019-06-25,26548.2200
2019-06-26,26536.8200
2019-06-27,26526.5800
2019-06-28,26599.9600
2019-07-01,26717.4300
2019-07-02,26786.6800
2019-07-03,26966.0000
2019-07-05,26922.1200
2019-07-08,26806.1400
2019-07-09,26783.4900
2019-07-10,26860.2000
2019-07-11,27088.0800
2019-07-12,27332.0300
2019-07-15,27359.1600
2019-07-16,27335.6300
2019-07-17,27219.8500
2019-07-18,27222.9700
2019-07-19,27154.2000
2019-07-22,27171.9000
2019-07-23,27349.1900
2019-07-24,27269.9700
2019-07-25,27140.9800
2019-07-26,27192.4500
2019-07-29,27221.3500
2019-07-30,27198.0200
2019-07-31,26864.2700
2019-08-01,26583.4200
2019-08-02,26485.0100
2019-08-05,25717.7400
2019-08-06,26029.5200
2019-08-07,26007.0700
2019-08-08,26378.1900
2019-08-09,26287.4400
2019-08-12,25907.3700
2019-08-13,26279.9100
2019-08-14,25479.4200
2019-08-15,25579.3900
2019-08-16,25886.0100
2019-08-19,26135.7900
2019-08-20,25962.4400
2019-08-21,26202.7300
2019-08-22,26252.2400
2019-08-23,25628.9000
2019-08-26,25898.8300
2019-08-27,25777.9000
2019-08-28,26036.1000
2019-08-29,26362.2500
2019-08-30,26403.2800
2019-09-03,26118.0200
2019-09-04,26355.4700
2019-09-05,26728.1500
2019-09-06,26797.4600
2019-09-09,26835.5100
2019-09-10,26909.4300
2019-09-11,27137.0400
2019-09-12,27182.4500
2019-09-13,27219.5200
2019-09-16,27076.8200
2019-09-17,27110.8000
2019-09-18,27147.0800
2019-09-19,27094.7900
2019-09-20,26935.0700
2019-09-23,26949.9900
2019-09-24,26807.7700
2019-09-25,26970.7100
2019-09-26,26891.1200
2019-09-27,26820.2500
2019-09-30,26916.8300
2019-10-01,26573.0400
2019-10-02,26078.6200
2019-10-03,26201.0400
2019-10-04,26573.7200
2019-10-07,26478.0200
2019-10-08,26164.0400
2019-10-09,26346.0100
2019-10-10,26496.6700
2019-10-11,26816.5900
2019-10-14,26787.3600
2019-10-15,27024.8000
2019-10-16,27001.9800
2019-10-17,27025.8800
2019-10-18,26770.2000
2019-10-21,26827.6400
2019-10-22,26788.1000
2019-10-23,26833.9500
2019-10-24,26805.5300
2019-10-25,26958.0600
2019-10-28,27090.7200
2019-10-29,27071.4200
2019-10-30,27186.6900
2019-10-31,27046.2300
2019-11-01,27347.3600
2019-11-04,27462.1100
2019-11-05,27492.6300
2019-11-06,27492.5600
2019-11-07,27674.8000
2019-11-08,27681.2400
2019-11-11,27691.4900
2019-11-12,27691.4900
2019-11-13,27783.5900
2019-11-14,27781.9600
2019-11-15,28004.8900
2019-11-18,28036.2200
2019-11-19,27934.0200
2019-11-20,27821.0900
2019-11-21,27766.2900
2019-11-22,27875.6200
2019-11-25,28066.4700
2019-11-26,28121.6800
2019-11-27,28164.0000
2019-11-29,28051.4100
2019-12-02,27783.0400
2019-12-03,27502.8100
2019-12-04,27649.7800
2019-12-05,27677.7900
2019-12-06,28015.0600
2019-12-09,27909.6000
2019-12-10,27881.7200
2019-12-11,27911.3000
2019-12-12,28132.0500
2019-12-13,28135.3800
2019-12-16,28235.8900
2019-12-17,28267.1600
2019-12-18,28239.2800
2019-12-19,28376.9600
2019-12-20,28455.0900
2019-12-23,28551.5300
2019-12-24,28515.4500
2019-12-26,28621.3900
2019-12-27,28645.2600
2019-12-30,28462.1400
2019-12-31,28538.4400
2020-01-02,28868.8000
2020-01-03,28634.8800
2020-01-06,28703.3800
2020-01-07,28583.6800
2020-01-08,28745.0900
2020-01-09,28956.9000
2020-01-10,28823.7700
2020-01-13,28907.0500
2020-01-14,28939.6700
2020-01-15,29030.2200
2020-01-16,29297.6400
2020-01-17,29348.1000
2020-01-21,29196.0400
2020-01-22,29186.2700
2020-01-23,29160.0900
2020-01-24,28989.7300
2020-01-27,28535.8000
2020-01-28,28722.8500
2020-01-29,28734.4500
2020-01-30,28859.4400
2020-01-31,28256.0300
2020-02-03,28399.8100
2020-02-04,28807.6300
2020-02-05,29290.8500
2020-02-06,29379.7700
2020-02-07,29102.5100
2020-02-10,29276.8200
2020-02-11,29276.3400
2020-02-12,29551.4200
2020-02-13,29423.3100
2020-02-14,29398.0800
2020-02-18,29232.1900
2020-02-19,29348.0300
2020-02-20,29219.9800
2020-02-21,28992.4100
2020-02-24,27960.8000
2020-02-25,27081.3600
2020-02-26,26957.5900
2020-02-27,25766.6400
2020-02-28,25409.3600
2020-03-02,26703.3200
2020-03-03,25917.4100
2020-03-04,27090.8600
2020-03-05,26121.2800
2020-03-06,25864.7800
2020-03-09,23851.0200
2020-03-10,25018.1600
2020-03-11,23553.2200
2020-03-12,21200.6200
2020-03-13,23185.6200
2020-03-16,20188.5200
2020-03-17,21237.3800
2020-03-18,19898.9200
2020-03-19,20087.1900
2020-03-20,19173.9800
2020-03-23,18591.9300
2020-03-24,20704.9100
2020-03-25,21200.5500
2020-03-26,22552.1700
2020-03-27,21636.7800
2020-03-30,22327.4800
2020-03-31,21917.1600
2020-04-01,20943.5100
2020-04-02,21413.4400
2020-04-03,21052.5300
2020-04-06,22679.9900
2020-04-07,22653.8600
2020-04-08,23433.5700
2020-04-09,23719.3700
2020-04-13,23390.7700
2020-04-14,23949.7600
2020-04-15,23504.3500
2020-04-16,23537.6800
2020-04-17,24242.4900
2020-04-20,23650.4400
2020-04-21,23018.8800
2020-04-22,23475.8200
2020-04-23,23515.2600
2020-04-24,23775.2700
2020-04-27,24133.7800
2020-04-28,24101.5500
2020-04-29,24633.8600
2020-04-30,24345.7200
2020-05-01,23723.6900
2020-05-04,23749.7600
2020-05-05,23883.0900
2020-05-06,23664.6400
2020-05-07,23875.8900
2020-05-08,24331.3200
2020-05-11,24221.9900
2020-05-12,23764.7800
2020-05-13,23247.9700
2020-05-14,23625.3400
2020-05-15,23685.4200
2020-05-18,24597.3700
2020-05-19,24206.8600
2020-05-20,24575.9000
2020-05-21,24474.1200
2020-05-22,24465.1600
2020-05-26,24995.1100
2020-05-27,25548.2700
2020-05-28,25400.6400
2020-05-29,25383.1100
2020-06-01,25475.0200
2020-06-02,25742.6500
2020-06-03,26269.8900
2020-06-04,26281.8200
2020-06-05,27110.9800
2020-06-08,27572.4400
2020-06-09,27272.3000
2020-06-10,26989.9900
2020-06-11,25128.1700
2020-06-12,25605.5400
2020-06-15,25763.1600
2020-06-16,26289.9800
2020-06-17,26119.6100
2020-06-18,26080.1000
2020-06-19,25871.4600
2020-06-22,26024.9600
2020-06-23,26156.1000
2020-06-24,25445.9400
2020-06-25,25745.6000
2020-06-26,25015.5500
2020-06-29,25595.8000
2020-06-30,25812.8800
2020-07-01,25734.9700
2020-07-02,25827.3600
2020-07-06,26287.0300
2020-07-07,25890.1800
2020-07-08,26067.2800
2020-07-09,25706.0900
2020-07-10,26075.3000
2020-07-13,26085.8000
2020-07-14,26642.5900
2020-07-15,26870.1000
2020-07-16,26734.7100
2020-07-17,26671.9500
2020-07-20,26680.8700
2020-07-21,26840.4000
2020-07-22,27005.8400
2020-07-23,26652.3300
2020-07-24,26469.8900
2020-07-27,26584.7700
2020-07-28,26379.2800
2020-07-29,26539.5700
2020-07-30,26313.6500
2020-07-31,26428.3200
2020-08-03,26664.4000
2020-08-04,26828.4700
2020-08-05,27201.5200
2020-08-06,27386.9800
2020-08-07,27433.4800
2020-08-10,27791.4400
2020-08-11,27686.9100
2020-08-12,27976.8400
2020-08-13,27896.7200
2020-08-14,27931.0200
2020-08-17,27844.9100
2020-08-18,27778.0700
2020-08-19,27692.8800
2020-08-20,27739.7300
2020-08-21,27930.3300
2020-08-24,28308.4600
2020-08-25,28248.4400
2020-08-26,28331.9200
2020-08-27,28492.2700
2020-08-28,28653.8700
2020-08-31,28430.0500
2020-09-01,28645.6600
2020-09-02,29100.5000
2020-09-03,28292.7300
2020-09-04,28133.3100
2020-09-08,27500.8900
2020-09-09,27940.4700
2020-09-10,27534.5800
2020-09-11,27665.6400
2020-09-14,27993.3300
2020-09-15,27995.6000
2020-09-16,28032.3800
2020-09-17,27901.9800
2020-09-18,27657.4200
2020-09-21,27147.7000
2020-09-22,27288.1800
2020-09-23,26763.1300
2020-09-24,26815.4400
2020-09-25,27173.9600
2020-09-28,27584.0600
2020-09-29,27452.6600
2020-09-30,27781.7000
2020-10-01,27816.9000
2020-10-02,27682.8100
2020-10-05,28148.6400
2020-10-06,27772.7600
2020-10-07,28303.4600
2020-10-08,28425.5100
2020-10-09,28586.9000
2020-10-12,28837.5200
2020-10-13,28679.8100
2020-10-14,28514.0000
2020-10-15,28494.2000
2020-10-16,28606.3100
2020-10-19,28195.4200
2020-10-20,28308.7900
2020-10-21,28210.8200
2020-10-22,28363.6600
2020-10-23,28335.5700
2020-10-26,27685.3800
2020-10-27,27463.1900
2020-10-28,26519.9500
2020-10-29,26659.1100
2020-10-30,26501.6000
2020-11-02,26925.0500
2020-11-03,27480.0300
2020-11-04,27847.6600
2020-11-05,28390.1800
2020-11-06,28323.4000
2020-11-09,29157.9700
2020-11-10,29420.9200
2020-11-11,29397.6300
2020-11-12,29080.1700
2020-11-13,29479.8100
2020-11-16,29950.4400
2020-11-17,29783.3500
2020-11-18,29438.4200
2020-11-19,29483.2300
2020-11-20,29263.4800
2020-11-23,29591.2700
2020-11-24,30046.2400
2020-11-25,29872.4700
2020-11-27,29910.3700
2020-11-30,29638.6400
2020-12-01,29823.9200
2020-12-02,29883.7900
2020-12-03,29969.5200
2020-12-04,30218.2600
2020-12-07,30069.7900
2020-12-08,30173.8800
2020-12-09,30068.8100
2020-12-10,29999.2600
2020-12-11,30046.3700
2020-12-14,29861.5500
2020-12-15,30199.3100
2020-12-16,30154.5400
2020-12-17,30303.3700
2020-12-18,30179.0500
2020-12-21,30216.4500
2020-12-22,30015.5100
2020-12-23,30129.8300
2020-12-24,30199.8700
2020-12-28,30403.9700
2020-12-29,30335.6700
2020-12-30,30409.5600
2020-12-31,30606.4800
2021-01-04,30223.8900
2021-01-05,30391.6000
2021-01-06,30829.4000
2021-01-07,31041.1300
2021-01-08,31097.9700
2021-01-11,31008.6900
2021-01-12,31068.6900
2021-01-13,31060.4700
2021-01-14,30991.5200
2021-01-15,30814.2600
2021-01-19,30930.5200
2021-01-20,31188.3800
2021-01-21,31176.0100
2021-01-22,30996.9800
2021-01-25,30960.0000
2021-01-26,30937.0400
2021-01-27,30303.1700
2021-01-28,30603.3600
2021-01-29,29982.6200
2021-02-01,30211.9100
2021-02-02,30687.4800
2021-02-03,30723.6000
2021-02-04,31055.8600
2021-02-05,31148.2400
2021-02-08,31385.7600
2021-02-09,31375.8300
2021-02-10,31437.8000
2021-02-11,31430.7000
2021-02-12,31458.4000
2021-02-16,31522.7500
2021-02-17,31613.0200
2021-02-18,31493.3400
2021-02-19,31494.3200
2021-02-22,31521.6900
2021-02-23,31537.3500
2021-02-24,31961.8600
2021-02-25,31402.0100
2021-02-26,30932.3700
2021-03-01,31535.5100
2021-03-02,31391.5200
2021-03-03,31270.0900
2021-03-04,30924.1400
2021-03-05,31496.3000
2021-03-08,31802.4400
2021-03-09,31832.7400
2021-03-10,32297.0200
2021-03-11,32485.5900
2021-03-12,32778.6400
2021-03-15,32953.4600
2021-03-16,32825.9500
2021-03-17,33015.3700
2021-03-18,32862.3000
2021-03-19,32627.9700
2021-03-22,32731.2000
2021-03-23,32423.1500
2021-03-24,32420.0600
2021-03-25,32619.4800
2021-03-26,33072.8800
2021-03-29,33171.3700
2021-03-30,33066.9600
2021-03-31,32981.5500
2021-04-01,33153.2100
2021-04-05,33527.1900
2021-04-06,33430.2400
2021-04-07,33446.2600
2021-04-08,33503.5700
2021-04-09,33800.6000
2021-04-12,33745.4000
2021-04-13,33677.2700
2021-04-14,33730.8900
2021-04-15,34035.9900
2021-04-16,34200.6700
2021-04-19,34077.6300
2021-04-20,33821.3000
2021-04-21,34137.3100
2021-04-22,33815.9000
2021-04-23,34043.4900
2021-04-26,33981.5700
2021-04-27,33984.9300
2021-04-28,33820.3800
2021-04-29,34060.3600
2021-04-30,33874.8500
2021-05-03,34113.2300
2021-05-04,34133.0300
2021-05-05,34230.3400
2021-05-06,34548.5300
2021-05-07,34777.7600
2021-05-10,34742.8200
2021-05-11,34269.1600
2021-05-12,33587.6600
2021-05-13,34021.4500
2021-05-14,34382.1300
2021-05-17,34327.7900
2021-05-18,34060.6600
2021-05-19,33896.0400
2021-05-20,34084.1500
2021-05-21,34207.8400
2021-05-24,34393.9800
2021-05-25,34312.4600
2021-05-26,34323.0500
2021-05-27,34464.6400
2021-05-28,34529.4500
2021-06-01,34575.3100
2021-06-02,34600.3800
2021-06-03,34577.0400
2021-06-04,34756.3900
2021-06-07,34630.2400
2021-06-08,34599.8200
2021-06-09,34447.1400
2021-06-10,34466.2400
2021-06-11,34479.6000
2021-06-14,34393.7500
2021-06-15,34299.3300
2021-06-16,34033.6700
2021-06-17,33823.4500
2021-06-18,33290.0800
2021-06-21,33876.9700
2021-06-22,33945.5800
2021-06-23,33874.2400
2021-06-24,34196.8200
2021-06-25,34433.8400
2021-06-28,34283.2700
2021-06-29,34292.2900
2021-06-30,34502.5100
2021-07-01,34633.5300
2021-07-02,34786.3500
2021-07-06,34577.3700
2021-07-07,34681.7900
2021-07-08,34421.9300
2021-07-09,34870.1600
2021-07-12,34996.1800
2021-07-13,34888.7900
2021-07-14,34933.2300
2021-07-15,34987.0200
2021-07-16,34687.8500
2021-07-19,33962.0400
2021-07-20,34511.9900
2021-07-21,34798.0000
2021-07-22,34823.3500
2021-07-23,35061.5500
2021-07-26,35144.3100
2021-07-27,35058.5200
2021-07-28,34930.9300
2021-07-29,35084.5300
2021-07-30,34935.4700
2021-08-02,34838.1600
2021-08-03,35116.4000
2021-08-04,34792.6700
2021-08-05,35064.2500
2021-08-06,35208.5100
2021-08-09,35101.8500
2021-08-10,35264.6700
2021-08-11,35484.9700
2021-08-12,35499.8500
2021-08-13,35515.3800
2021-08-16,35625.4000
2021-08-17,35343.2800
2021-08-18,34960.6900
2021-08-19,34894.1200
2021-08-20,35120.0800
2021-08-23,35335.7100
2021-08-24,35366.2600
2021-08-25,35405.5000
2021-08-26,35213.1200
2021-08-27,35455.8000
2021-08-30,35399.8400
2021-08-31,35360.7300
2021-09-01,35312.5300
2021-09-02,35443.8200
2021-09-03,35369.0900
2021-09-07,35100.0000
2021-09-08,35031.0700
2021-09-09,34879.3800
2021-09-10,34607.7200
2021-09-13,34869.6300
2021-09-14,34577.5700
2021-09-15,34814.3900
2021-09-16,34751.3200
2021-09-17,34584.8800
2021-09-20,33970.4700
2021-09-21,33919.8400
2021-09-22,34258.3200
2021-09-23,34764.8200
2021-09-24,34798.0000
2021-09-27,34869.3700
2021-09-28,34299.9900
2021-09-29,34390.7200
2021-09-30,33843.9200
2021-10-01,34326.4600
2021-10-04,34002.9200
2021-10-05,34314.6700
2021-10-06,34416.9900
2021-10-07,34754.9400
2021-10-08,34746.2500
2021-10-11,34496.0600
2021-10-12,34378.3400
2021-10-13,34377.8100
2021-10-14,34912.5600
2021-10-15,35294.7600
2021-10-18,35258.6100
2021-10-19,35457.3100
2021-10-20,35609.3400
2021-10-21,35603.0800
2021-10-22,35677.0200
2021-10-25,35741.1500
2021-10-26,35756.8800
2021-10-27,35490.6900
2021-10-28,35730.4800
2021-10-29,35819.5600
2021-11-01,35913.8400
2021-11-02,36052.6300
2021-11-03,36157.5800
2021-11-04,36124.2300
2021-11-05,36327.9500
2021-11-08,36432.2200
2021-11-09,36319.9800
2021-11-10,36079.9400
2021-11-11,35921.2300
2021-11-12,36100.3100
2021-11-15,36087.4500
2021-11-16,36142.2200
2021-11-17,35931.0500
2021-11-18,35870.9500
2021-11-19,35601.9800
2021-11-22,35619.2500
2021-11-23,35813.8000
2021-11-24,35804.3800
2021-11-26,34899.3400
2021-11-29,35135.9400
2021-11-30,34483.7200
2021-12-01,34022.0400
2021-12-02,34639.7900
2021-12-03,34580.0800
2021-12-06,35227.0300
2021-12-07,35719.4300
2021-12-08,35754.7500
2021-12-09,35754.6900
2021-12-10,35970.9900
2021-12-13,35650.9500
2021-12-14,35544.1800
2021-12-15,35927.4300
2021-12-16,35897.6400
2021-12-17,35365.4400
2021-12-20,34932.1600
2021-12-21,35492.7000
2021-12-22,35753.8900
2021-12-23,35950.5600
2021-12-27,36302.3800
2021-12-28,36398.2100
2021-12-29,36488.6300
2021-12-30,36398.0800
2021-12-31,36338.3000
2022-01-03,36585.0600
2022-01-04,36799.6500
2022-01-05,36407.1100
2022-01-06,36236.4700
2022-01-07,36231.6600
2022-01-10,36068.8700
2022-01-11,36252.0200
2022-01-12,36290.3200
2022-01-13,36113.6200
2022-01-14,35911.8100
2022-01-18,35368.4700
2022-01-19,35028.6500
2022-01-20,34715.3900
2022-01-21,34265.3700
2022-01-24,34364.5000
2022-01-25,34297.7300
2022-01-26,34168.0900
2022-01-27,34160.7800
2022-01-28,34725.4700
2022-01-31,35131.8600
2022-02-01,35405.2400
2022-02-02,35629.3300
2022-02-03,35111.1600
2022-02-04,35089.7400
2022-02-07,35091.1300
2022-02-08,35462.7800
2022-02-09,35768.0600
2022-02-10,35241.5900
2022-02-11,34738.0600
2022-02-14,34566.1700
2022-02-15,34988.8400
2022-02-16,34934.2700
2022-02-17,34312.0300
2022-02-18,34079.1800
2022-02-22,33596.6100
2022-02-23,33131.7600
2022-02-24,33223.8300
2022-02-25,34058.7500
2022-02-28,33892.6000
2022-03-01,33294.9500
2022-03-02,33891.3500
2022-03-03,33794.6600
2022-03-04,33614.8000
2022-03-07,32817.3800
2022-03-08,32632.6400
2022-03-09,33286.2500
2022-03-10,33174.0700
2022-03-11,32944.1900
2022-03-14,32945.2400
2022-03-15,33544.3400
2022-03-16,34063.1000
2022-03-17,34480.7600
2022-03-18,34754.9300
2022-03-21,34552.9900
2022-03-22,34807.4600
2022-03-23,34358.5000
2022-03-24,34707.9400
2022-03-25,34861.2400
2022-03-28,34955.8900
2022-03-29,35294.1900
2022-03-30,35228.8100
2022-03-31,34678.3500
2022-04-01,34818.2700
2022-04-04,34921.8800
2022-04-05,34641.1800
2022-04-06,34496.5100
2022-04-07,34583.5700
2022-04-08,34721.1200
2022-04-11,34308.0800
2022-04-12,34220.3600
2022-04-13,34564.5900
2022-04-14,34451.2300
2022-04-18,34411.6900
2022-04-19,34911.2000
2022-04-20,35160.7900
2022-04-21,34792.7600
2022-04-22,33811.4000
2022-04-25,34049.4600
2022-04-26,33240.1800
2022-04-27,33301.9300
2022-04-28,33916.3900
2022-04-29,32977.2100
2022-05-02,33061.5000
2022-05-03,33128.7900
2022-05-04,34061.0600
2022-05-05,32997.9700
2022-05-06,32899.3700
2022-05-09,32245.7000
2022-05-10,32160.7400
2022-05-11,31834.1100
2022-05-12,31730.3000
2022-05-13,32196.6600
2022-05-16,32223.4200
2022-05-17,32654.5900
2022-05-18,31490.0700
2022-05-19,31253.1300
2022-05-20,31261.9000
2022-05-23,31880.2400
2022-05-24,31928.6200
2022-05-25,32120.2800
2022-05-26,32637.1900
2022-05-27,33212.9600
2022-05-31,32990.1200
2022-06-01,32813.2300
2022-06-02,33248.2800
2022-06-03,32899.7000
2022-06-06,32915.7800
2022-06-07,33180.1400
2022-06-08,32910.9000
2022-06-09,32272.7900
2022-06-10,31392.7900
2022-06-13,30516.7400
2022-06-14,30364.8300
2022-06-15,30668.5300
2022-06-16,29927.0700
2022-06-17,29888.7800
2022-06-21,30530.2500
2022-06-22,30483.1300
2022-06-23,30677.3600
2022-06-24,31500.6800
2022-06-27,31438.2600
2022-06-28,30946.9900
2022-06-29,31029.3100
2022-06-30,30775.4300
2022-07-01,31097.2600
2022-07-05,30967.8200
2022-07-06,31037.6800
2022-07-07,31384.5500
2022-07-08,31338.1500
2022-07-11,31173.8400
2022-07-12,30981.3300
2022-07-13,30772.7900
2022-07-14,30630.1700
2022-07-15,31288.2600
2022-07-18,31072.6100
2022-07-19,31827.0500
2022-07-20,31874.8400
2022-07-21,32036.9000
2022-07-22,31899.2900
2022-07-25,31990.0400
2022-07-26,31761.5400
2022-07-27,32197.5900
2022-07-28,32529.6300
2022-07-29,32845.1300
2022-08-01,32798.4000
2022-08-02,32396.1700
2022-08-03,32812.5000
2022-08-04,32726.8200
2022-08-05,32803.4700
2022-08-08,32832.5400
2022-08-09,32774.4100
2022-08-10,33309.5100
2022-08-11,33336.6700
2022-08-12,33761.0500
2022-08-15,33912.4400
2022-08-16,34152.0100
2022-08-17,33980.3200
2022-08-18,33999.0400
2022-08-19,33706.7400
2022-08-22,33063.6100
2022-08-23,32909.5900
2022-08-24,32969.2300
2022-08-25,33291.7800
2022-08-26,32283.4000
2022-08-29,32098.9900
2022-08-30,31790.8700
2022-08-31,31510.4300
2022-09-01,31656.4200
2022-09-02,31318.4400
2022-09-06,31145.3000
2022-09-07,31581.2800
2022-09-08,31774.5200
2022-09-09,32151.7100
2022-09-12,32381.3400
2022-09-13,31104.9700
2022-09-14,31135.0900
2022-09-15,30961.8200
2022-09-16,30822.4200
2022-09-19,31019.6800
2022-09-20,30706.2300
2022-09-21,30183.7800
2022-09-22,30076.6800
2022-09-23,29590.4100
2022-09-26,29260.8100
2022-09-27,29134.9900
2022-09-28,29683.7400
2022-09-29,29225.6100
2022-09-30,28725.5100
2022-10-03,29490.8900
2022-10-04,30316.3200
2022-10-05,30273.8700
2022-10-06,29926.9400
2022-10-07,29296.7900
2022-10-10,29202.8800
2022-10-11,29239.1900
2022-10-12,29210.8500
2022-10-13,30038.7200
2022-10-14,29634.8300
2022-10-17,30185.8200
2022-10-18,30523.8000
2022-10-19,30423.8100
2022-10-20,30333.5900
2022-10-21,31082.5600
2022-10-24,31499.6200
2022-10-25,31836.7400
2022-10-26,31839.1100
2022-10-27,32033.2800
2022-10-28,32861.8000
2022-10-31,32732.9500
2022-11-01,32653.2000
2022-11-02,32147.7600
2022-11-03,32001.2500
2022-11-04,32403.2200
2022-11-07,32827.0000
2022-11-08,33160.8300
2022-11-09,32513.9400
2022-11-10,33715.3700
2022-11-11,33747.8600
2022-11-14,33536.7000
2022-11-15,33592.9200
2022-11-16,33553.8300
2022-11-17,33546.3200
2022-11-18,33745.6900
2022-11-21,33700.2800
2022-11-22,34098.1000
2022-11-23,34194.0600
2022-11-25,34347.0300
2022-11-28,33849.4600
2022-11-29,33852.5300
2022-11-30,34589.7700
2022-12-01,34395.0100
2022-12-02,34429.8800
2022-12-05,33947.1000
2022-12-06,33596.3400
2022-12-07,33597.9200
2022-12-08,33781.4800
2022-12-09,33476.4600
2022-12-12,34005.0400
2022-12-13,34108.6400
2022-12-14,33966.3500
2022-12-15,33202.2200
2022-12-16,32920.4600
2022-12-19,32757.5400
2022-12-20,32849.7400
2022-12-21,33376.4800
2022-12-22,33027.4900
2022-12-23,33203.9300
2022-12-27,33241.5600
2022-12-28,32875.7100
2022-12-29,33220.8000
2022-12-30,33147.2500
2022-12-31,33147.2500
2023-01-03,33136.3700
2023-01-04,33269.7700
2023-01-05,32930.0800
2023-01-06,33630.6100
2023-01-09,33517.6500
2023-01-10,33704.1000
2023-01-11,33973.0100
2023-01-12,34189.9700
2023-01-13,34302.6100
2023-01-17,33910.8500
2023-01-18,33296.9600
2023-01-19,33044.5600
2023-01-20,33375.4900
2023-01-23,33629.5600
2023-01-24,33733.9600
2023-01-25,33743.8400
2023-01-26,33949.4100
2023-01-27,33978.0800
2023-01-30,33717.0900
2023-01-31,34086.0400
2023-02-01,34092.9600
2023-02-02,34053.9400
2023-02-03,33926.0100
2023-02-06,33891.0200
2023-02-07,34156.6900
2023-02-08,33949.0100
2023-02-09,33699.8800
2023-02-10,33869.2700
2023-02-13,34245.9300
2023-02-14,34089.2700
2023-02-15,34128.0500
2023-02-16,33696.8500
2023-02-17,33826.6900
2023-02-21,33129.5900
2023-02-22,33045.0900
2023-02-23,33153.9100
2023-02-24,32816.9200
2023-02-27,32889.0900
2023-02-28,32656.7000
2023-03-01,32661.8400
2023-03-02,33003.5700
2023-03-03,33390.9700
2023-03-06,33431.4400
2023-03-07,32856.4600
2023-03-08,32798.4000
2023-03-09,32254.8600
2023-03-10,31909.6400
2023-03-13,31819.1400
2023-03-14,32155.4000
2023-03-15,31874.5700
2023-03-16,32246.5500
2023-03-17,31861.9800
2023-03-20,32244.5800
2023-03-21,32560.6000
2023-03-22,32030.1100
2023-03-23,32105.2500
2023-03-24,32237.5300
2023-03-27,32432.0800
2023-03-28,32394.2500
2023-03-29,32717.6000
2023-03-30,32859.0300
2023-03-31,33274.1500
2023-04-03,33601.1500
2023-04-04,33402.3800
2023-04-05,33482.7200
2023-04-06,33485.2900
2023-04-10,33586.5200
2023-04-11,33684.7900
2023-04-12,33646.5000
2023-04-13,34029.6900
2023-04-14,33886.4700
2023-04-17,33987.1800
2023-04-18,33976.6300
2023-04-19,33897.0100
2023-04-20,33786.6200
2023-04-21,33808.9600
2023-04-24,33875.4000
2023-04-25,33530.8300
2023-04-26,33301.8700
2023-04-27,33826.1600
2023-04-28,34098.1600
2023-05-01,34051.7000
2023-05-02,33684.5300
2023-05-03,33414.2400
2023-05-04,33127.7400
2023-05-05,33674.3800
2023-05-08,33618.6900
2023-05-09,33561.8100
2023-05-10,33531.3300
2023-05-11,33309.5100
2023-05-12,33300.6200
2023-05-15,33348.6000
2023-05-16,33012.1400
2023-05-17,33420.7700
2023-05-18,33535.9100
2023-05-19,33426.6300
2023-05-22,33286.5800
2023-05-23,33055.5100
2023-05-24,32799.9200
2023-05-25,32764.6500
2023-05-26,33093.3400
2023-05-30,33042.7800
2023-05-31,32908.2700
2023-06-01,33061.5700
2023-06-02,33762.7600
2023-06-05,33562.8600
2023-06-06,33573.2800
2023-06-07,33665.0200
2023-06-08,33833.6100
2023-06-09,33876.7800
2023-06-12,34066.3300
2023-06-13,34212.1200
2023-06-14,33979.3300
2023-06-15,34408.0600
2023-06-16,34299.1200
2023-06-20,34053.8700
2023-06-21,33951.5200
2023-06-22,33946.7100
2023-06-23,33727.4300
2023-06-26,33714.7100
2023-06-27,33926.7400
2023-06-28,33852.6600
2023-06-29,34122.4200
2023-06-30,34407.6000
2023-07-03,34418.4700
2023-07-05,34288.6400
2023-07-06,33922.2600
2023-07-07,33734.8800
2023-07-10,33944.4000
2023-07-11,34261.4200
2023-07-12,34347.4300
2023-07-13,34395.1400
2023-07-14,34509.0300
2023-07-17,34585.3500
2023-07-18,34951.9300
2023-07-19,35061.2100
2023-07-20,35225.1800
2023-07-21,35227.6900
2023-07-24,35411.2400
2023-07-25,35438.0700
2023-07-26,35520.1200
2023-07-27,35282.7200
2023-07-28,35459.2900
2023-07-31,35559.5300
2023-08-01,35630.6800
2023-08-02,35282.5200
2023-08-03,35215.8900
2023-08-04,35065.6200
2023-08-07,35473.1300
2023-08-08,35314.4900
2023-08-09,35123.3600
2023-08-10,35176.1500
2023-08-11,35281.4000
2023-08-14,35307.6300
2023-08-15,34946.3900
2023-08-16,34765.7400
2023-08-17,34474.8300
2023-08-18,34500.6600
2023-08-21,34463.6900
2023-08-22,34288.8300
2023-08-23,34472.9800
2023-08-24,34099.4200
2023-08-25,34346.9000
2023-08-28,34559.9800
2023-08-29,34852.6700
2023-08-30,34890.2400
2023-08-31,34721.9100
2023-09-01,34837.7100
2023-09-05,34641.9700
2023-09-06,34443.1900
2023-09-07,34500.7300
2023-09-08,34576.5900
2023-09-11,34663.7200
2023-09-12,34645.9900
2023-09-13,34575.5300
2023-09-14,34907.1100
2023-09-15,34618.2400
2023-09-18,34624.3000
2023-09-19,34517.7300
2023-09-20,34440.8800
2023-09-21,34070.4200
2023-09-22,33963.8400
2023-09-25,34006.8800
2023-09-26,33618.8800
2023-09-27,33550.2700
2023-09-28,33666.3400
2023-09-29,33507.5000
2023-10-02,33433.3500
2023-10-03,33002.3800
2023-10-04,33129.5500
2023-10-05,33119.5700
2023-10-06,33407.5800
2023-10-09,33604.6500
2023-10-10,33739.3000
2023-10-11,33804.8700
2023-10-12,33631.1400
2023-10-13,33670.2900
2023-10-16,33984.5400
2023-10-17,33997.6500
2023-10-18,33665.0800
2023-10-19,33414.1700
2023-10-20,33127.2800
2023-10-23,32936.4100
2023-10-24,33141.3800
2023-10-25,33035.9300
2023-10-26,32784.3000
2023-10-27,32417.5900
2023-10-30,32928.9600
2023-10-31,33052.8700
2023-11-01,33274.5800
2023-11-02,33839.0800
2023-11-03,34061.3200
2023-11-06,34095.8600
2023-11-07,34152.6000
2023-11-08,34112.2700
2023-11-09,33891.9400
2023-11-10,34283.1000
2023-11-13,34337.8700
2023-11-14,34827.7000
2023-11-15,34991.2100
2023-11-16,34945.4700
2023-11-17,34947.2800
2023-11-20,35151.0400
2023-11-21,35088.2900
2023-11-22,35273.0300
2023-11-24,35390.1500
2023-11-27,35333.4700
2023-11-28,35416.9800
2023-11-29,35430.4200
2023-11-30,35950.8900
2023-12-01,36245.5000
2023-12-04,36204.4400
2023-12-05,36124.5600
2023-12-06,36054.4300
2023-12-07,36117.3800
2023-12-08,36247.8700
2023-12-09
2023-12-10
2023-12-11
2023-12-12
2023-12-13
2023-12-14
2023-12-15
2023-12-16
2023-12-17
2023-12-18
2023-12-19
2023-12-20
2023-12-21
2023-12-22
2023-12-23
2023-12-24
2023-12-25
2023-12-26
2023-12-27
2023-12-28
2023-12-29
